ID,Name,Slug,Status,Stage,Format,Year,RuntimeMins,TMDB_ID,Featured,Trailer,Sites,Funds,Subjects,Countries,Goodpitches,Crew (role:name; ...),Website Links,Purchase Links (country:name:url; ...),Festivals (festival:year:award:premiere; ...),Awards (year:name:body; ...),Created,Updated
147,17 not Required Indians,17-not-required-indians,published,COMPLETED,feature,2014,72,,no,,docsociety.org,Bertha Journalism,"Human Rights, Justice",United Arab Emirates,"gpmb2013, gpny2011",Director:Soniya Kirpalani,,,,2024:Gulf Film Festival - Jury Selection:; 2024:Mumbai International Film Festival - Special Jury Prize:,2015-05-19 04:45:33.766774+00:00,2026-01-20 13:32:49.575329+00:00
164,"3½ Minutes, Ten Bullets",three-and-a-half-minutes,published,COMPLETED,feature,2015,85,320349,no,https://www.youtube.com/embed/JnKULkA-6II,docsociety.org,Bertha Journalism,"Justice, Society",United States,gpny2014,Director:Marc Silver; Writer:Marc Silver,http://www.marcsilver.net/projects/35-minutes.php,,,,2015-05-19 04:45:34.310913+00:00,2025-11-27 11:28:22.859678+00:00
543,#387,387,published,COMPLETED,feature,2019,,684453,no,https://vimeo.com/190896731,"democracystoryunit.org, docsociety.org",Better Futures,,"Greece, Italy",,Director:Madeleine Leroyer,,,,,2025-10-22 21:25:40.211786+00:00,2026-01-05 15:38:56.006938+00:00
301,40 Days & 40 Nights,40-days-40-nights,published,PRODUCTION,feature,,,,no,,docsociety.org,,,United States,,Director:Dara Kell; Producer:Taira Akbar,,,,,2019-04-16 19:52:55.779067+00:00,2025-11-04 10:38:15.853210+00:00
223,500 Years,500-years,published,COMPLETED,feature,2018,108,433046,no,https://youtu.be/DiM5U9fjeiA,docsociety.org,Bertha Journalism,"Human Rights, Justice",Guatemala,,Director:Pamela Yates; Producer:Paco de Onis,http://skylight.is/en/films/500-years/,,Traverse City Film Festival:2017:Best US Documentary:no,,2015-12-10 10:51:16.349831+00:00,2026-01-05 15:44:04.830354+00:00
364,70/30,7030,published,COMPLETED,short,2020,98,816347,no,https://youtu.be/3p6L3CJIcCg,"climatestoryunit.org, docsociety.org",Climate Story Fund,Environment,Denmark,,Director:Phie Ambo,,,Oslo Pix:2021:Best Nordic Documentary:no; CPH:DOX:2021:DOX:AWARD:no; The Golden Linden International Film Festival:2022:Additional Programme:no,,2021-11-04 16:43:47.329523+00:00,2026-01-05 15:46:03.855789+00:00
453,80 Angry Journalists,80-angry-journalists,published,COMPLETED,feature,,,,no,,"democracystoryunit.org, docsociety.org",Better Futures,"Activism, Politics",Hungary,,,,,,,2023-10-23 21:25:38.215233+00:00,2026-03-05 14:58:17.994153+00:00
460,Above and Below the Ground,above-and-below-the-ground,published,COMPLETED,feature,2023,,1162109,no,https://www.youtube.com/watch?v=aHQrgWqa2KA,"climatestoryunit.org, docsociety.org",Climate Story Fund,,Myanmar,,Producer:Ja Nang Tsen; Producer:Maggie Lemere,,,Yamagata International Documentary Film Festival:2023:Ogawa Shinsuke Prize:no,,2024-01-17 16:08:18.030071+00:00,2026-01-05 16:02:28.108253+00:00
307,A Bunch of Amateurs,bunch-amateurs,published,PRODUCTION,feature,2022,,991280,no,https://www.youtube.com/watch?v=UAs1FOp4Kp4,"bfi.docsociety.org, docsociety.org",BFI Doc Society Production Fund,"Art & Culture, Society",United Kingdom,,Director:Kim Hopkins; Producer:Margareta Szabo,,NZ:Prime Video:https://www.primevideo.com/detail/0M2413KVRX3LQE9YS1O1M0MC3G/ref=atv_dp; NZ:Prime Video:https://www.primevideo.com/detail/0M2413KVRX3LQE9YS1O1M0MC3G/ref=atv_dp; NZ:Prime Video:https://www.primevideo.com/detail/0M2413KVRX3LQE9YS1O1M0MC3G/ref=atv_dp; AU:Prime Video:https://www.primevideo.com/detail/0M2413KVRX3LQE9YS1O1M0MC3G/ref=atv_dp; AU:Prime Video:https://www.primevideo.com/detail/0M2413KVRX3LQE9YS1O1M0MC3G/ref=atv_dp; AU:Prime Video:https://www.primevideo.com/detail/0M2413KVRX3LQE9YS1O1M0MC3G/ref=atv_dp,,,2019-10-16 16:51:49.272125+00:00,2026-01-05 16:04:25.956505+00:00
405,A Burning Thread,bus-drivers-children,published,PRODUCTION,short,,,,no,,"bfi.docsociety.org, docsociety.org",BFI Doc Society: Made of Truth,,United Kingdom,,Director:Ciaran Pasi; Producer:John Archer; Producer:Shona Mackenzie,,,,,2022-03-31 14:20:38.043320+00:00,2025-11-04 10:37:42.476774+00:00
577,Adlais,and-still-the-bells,published,PRODUCTION,short,,,,no,,"bfi.docsociety.org, docsociety.org",BFI Doc Society: Made of Truth,Justice,United Kingdom,,Director:Alex Darby; Director:George Leith; Producer:Sian Adler; Co-Director:Sophie Mei Birkin,,,,,2026-01-20 15:15:13.626389+00:00,2026-02-02 17:46:10.829101+00:00
413,Adura Baba Mi,adura-baba-mi,published,COMPLETED,short,2024,,1336801,no,,"bfi.docsociety.org, docsociety.org",BFI Doc Society: Made of Truth,,"Nigeria, United Kingdom",,consulting producer:Qila Gill; Editor:Yu-Pu Pon; Director:Juliana Kasumu; Producer:Juliana Kasumu; Producer:Ese Jade Onojeruo,,,BFI London Film Festival:2024:Best Short Film:no,,2022-03-31 16:13:04.908955+00:00,2026-01-05 16:18:28.395964+00:00
20,Afghan Star,afghan-star,published,COMPLETED,feature,2008,87,24225,no,https://www.youtube.com/watch?v=DentE2ydnMI,docsociety.org,Foundation,,Afghanistan,,Director:Havana Marking,http://www.afghanstardocumentary.com/,,,2024:Sundance - World Cinema Directing Aware:; 2024:Grierson Award:; 2024:Sundance - World Cinema Audience Award:,2015-05-19 04:45:31.124345+00:00,2026-01-05 16:24:10.947963+00:00
81,A Flickering Truth,flickering-truth,published,COMPLETED,feature,2015,91,356304,no,https://www.youtube.com/watch?v=UJSFK80eL70,docsociety.org,,Art & Culture,Afghanistan,,Director:Pietra Brettkelly ,http://www.aflickeringtruth.com; http://www.pietrabrettkelly.com,,,2024:Venice Film Festival 2015:; 2024:Toronto International Film Festival 2015:,2015-05-19 04:45:32.467104+00:00,2026-01-05 16:27:03.256082+00:00
284,African Apocalypse,african-apocalypse,published,COMPLETED,feature,2020,,740843,yes,https://www.youtube.com/watch?v=O0xrH9d-yHQ,"bfi.docsociety.org, docsociety.org",BFI Doc Society Production Fund,"Environment, Justice, Society","Niger, United Kingdom",,Co-Producer:David Upshal ; Producer:Geoff Arbourne ; Director:Rob Lemkin ,,,,,2018-11-26 15:00:18.158086+00:00,2026-01-05 16:28:52.109752+00:00
123,African Ninja,african-ninja,published,PRODUCTION,,,,,no,,docsociety.org,,,,,,,,,,2015-05-19 04:45:33.328127+00:00,2023-07-05 09:35:31.895890+00:00
470,After Eight,after-8,published,COMPLETED,short,2025,,1576335,no,https://vimeo.com/1114695079?fl=pl&fe=cm,"bfi.docsociety.org, docsociety.org",BFI Doc Society: Made of Truth,Society,United Kingdom,,Director:Mos Hannan; Producer:Usayd Younis,,,,,2024-04-17 16:59:19.985692+00:00,2026-04-28 11:41:08.555655+00:00
382,After Sherman,after-sherman,published,COMPLETED,feature,2022,,946102,no,https://www.youtube.com/watch?v=dXeykVIeTRo,"docsociety.org, thresholdfund.org",Threshold,,United States,,Producer:blair dorosh-walther; Director:Jon-Sesrie Goff; Producer:Madeleine Hunt-Ehrlich,,,,,2021-11-10 16:17:52.847036+00:00,2026-01-05 16:34:17.196216+00:00
562,After the Smoke,after-the-smoke,draft,COMPLETED,short,2024,,,no,,climatestoryunit.org,,,Australia,,Director:Josie Hess,,,,,2025-11-11 16:23:22.397591+00:00,2025-11-11 16:23:22.397626+00:00
176,After Tiller,after-tiller,published,COMPLETED,short,2013,85,158994,no,https://www.youtube.com/embed/xf3rETOO62s,docsociety.org,,,United States,,Directors:Martha Shane and Lana Wilson,http://aftertillermovie.com/,,,,2015-05-19 04:45:34.711075+00:00,2025-11-04 11:19:55.236584+00:00
461,Against the Tide,against-the-tide,published,COMPLETED,feature,2023,,1058621,no,https://www.youtube.com/watch?v=g4-IAJAckjk,"climatestoryunit.org, docsociety.org",Climate Story Fund,,India,,,,,Seattle International Film Festival:2023:Documentary Competition Award:no; Sundance:2023:World Cinema - Documentary:no; Sundance:2023:Vérité Filmmaking:no; Sydney Film Festival:2023:Sustainable Future Award:no; Bergen International Film Festival:2023:Documentaire Extraordinaire:no; Visions du Réel International Film Festival Nyon:2023:Grand Angle Competition:no; Mumbai Film Festival:2023:Golden Gateway Award:no; Munich International Documentary Festival (DOK.fest):2023:DOK.horizons:no,"2023:International Documentary Association - Best Feature Documentary:; 2023:International Documentary Association - Best Director:; 2023:Asia Pacific Screen Awards - Best Documentary Film:; 2024:Cinema Eye Honors Awards, US - Spotlight Award:; 2023:DocsBarcelona, ES - Best Documentary:; 2023:Gotham Awards - Best Documentary:",2024-01-17 16:11:00.744260+00:00,2026-01-05 16:41:20.442267+00:00
251,A Haunting History,haunting-history,published,COMPLETED,feature,2016,,382152,no,https://vimeo.com/156436791?fl=pl&fe=vl,docsociety.org,Bertha Journalism,Politics,"South Sudan, United Kingdom",,Director:Kim Hopkins; Directors:Ilse & Femke van Velzen,http://ahauntinghistory.com/,,Nederlands Film Festival:2016:Best Documentary - Short (Beste Korte Documentaire):no,,2016-09-23 14:44:30.470187+00:00,2026-01-05 16:46:33.331372+00:00
575,Aiden Dreaming,aiden-dreaming,published,PRODUCTION,short,,,,no,,"bfi.docsociety.org, docsociety.org",BFI Doc Society: Made of Truth,Disability,United Kingdom,,Director:Saul Pankhurst; Producer:Pinky Ghundale,,,,,2026-01-20 15:03:56.530299+00:00,2026-02-02 17:25:36.870053+00:00
365,Ain't Your Mama's Heatwave,aint-your-mamas-heatwave,published,COMPLETED,other,2020,46,,no,https://www.youtube.com/watch?v=JTnpQvinFZY,"climatestoryunit.org, docsociety.org",Climate Story Fund,Environment,United States,,Director:Elijah Karriem; Producer:Hip Hop Caucus,,,,,2021-11-04 16:57:06.314346+00:00,2026-01-05 16:48:07.685112+00:00
576,"Ajamu X, Holding The Frame",ajamu-x-holding-the-frame,published,COMPLETED,short,2026,,,no,,"bfi.docsociety.org, docsociety.org",BFI Doc Society: Made of Truth,LGBTQIA+,United Kingdom,,Director:Joseph a. Adesunloye; Producer:Oreka Godis; Producer:Matilda Adesunloye,,,,,2026-01-20 15:11:30.384601+00:00,2026-04-28 15:27:21.481726+00:00
266,Akicita,akicita,published,PRODUCTION,short,2018,,493919,no,https://trailers.mubicdn.net/195840/optimised/720p-t-akicita-the-battle-of-standing-rock_en_us_3010.0_1280_720_1554625169.mp4,"docsociety.org, thresholdfund.org",Threshold,"Activism, Environment",United States,,Producer:Heather Rae ; Director:Cody Lucich ,,,,,2017-10-03 09:51:15.493084+00:00,2026-02-25 11:02:55.397452+00:00
238,Aleph,aleph,published,COMPLETED,short,2017,,812942,no,https://vimeo.com/532011893,docsociety.org,Pulse Doc Society Genesis,Art & Culture,Argentina,,Director:Iva Radivojevic,http://www.alephthefilm.com,,,,2016-06-29 10:37:46.925220+00:00,2026-01-05 16:57:46.429565+00:00
48,Alive Day,alive-day,published,COMPLETED,short,2007,72,,no,,docsociety.org,Foundation,,United States,,Director:Tom Eldridge,,,,,2015-05-19 04:45:31.652757+00:00,2025-11-13 12:59:15.947130+00:00
136,Alliance School,alliance-school,published,PRODUCTION,short,,,,no,,docsociety.org,,LGBTQIA+,United States,,,,,,,2015-05-19 04:45:33.556017+00:00,2025-11-04 11:43:35.549658+00:00
305,All Points North,all-points-north,published,PRODUCTION,feature,,,,no,,"bfi.docsociety.org, docsociety.org",BFI Doc Society Production Fund,Society,United Kingdom,,Director:Glen Milner; Producer:Ben Hilton ,,,,,2019-10-16 16:20:04.679901+00:00,2025-11-04 11:44:41.236994+00:00
590,All Rivers Spill Their Stories To The Sea,all-rivers-spill-their-stories-to-the-sea,published,COMPLETED,feature,2026,,,no,,"bfi.docsociety.org, docsociety.org",BFI Doc Society Production Fund,"Activism, Environment",United Kingdom,,Director:Jeanie Finlay; Producer:Charlie Phillips; Producer:Jeanie Finlay; Co-Producer:Nadja Lapcevic; Co-Producer:Anke Peterson,,,CPH:DOX:2026::yes,,2026-02-17 12:44:13.324670+00:00,2026-03-16 17:05:10.754343+00:00
220,All These Sleepless Nights,all-these-sleepless-nights,published,COMPLETED,feature,2017,,376386,no,https://www.youtube.com/watch?v=I_oSKWFGYlk,docsociety.org,Circle Fund,Art & Culture,Poland,,Producer:Lucas Ochoa; Director:Michal Marczak; Producer:Thomas Benski; Producer:Marta Golba; Producer:Julia Nottingham,,DE:Mubi:https://mubi.com/films/all-these-sleepless-nights; NZ:Mubi:https://mubi.com/films/all-these-sleepless-nights; BR:Mubi:https://mubi.com/films/all-these-sleepless-nights; US:Tubi:https://tubitv.com/movies/100041042/all-these-sleepless-nights; ZA:Mubi:https://mubi.com/films/all-these-sleepless-nights; DE:Prime Video:https://www.amazon.de/gp/video/detail/B0D5HCGGF7/ref=atv_dp; AU:Mubi:https://mubi.com/films/all-these-sleepless-nights; BR:Prime Video:https://www.primevideo.com/detail/0HI877CURCFR8K6SWF9I0NPZF9/ref=atv_dp,"Karlovy Vary International Film Festival:2016:Over 60 Minutes - Best Documentary:no; Sundance:2016:World Cinema - Documentary - Grand Jury Prize:no; Sundance:2016:World Cinema - Documentary - Directing Award:no; Bergen International Film Festival:2016:Documentaire Extraordinaire:no; Sarasota Film Festival:2016:Best Documentary Feature - Jury Prize:no; Zurich Film Festival:2016:Best International Documentary Film - Golden Eye Award:no; New Horizons International Film Festival, Poland:2016:International Competition - Grand Prix:no; New Horizons International Film Festival, Poland:2016:International Competition - Audience Award:no; Koszalinski Festiwal Debiutow Filmowych Mlodzi i Film:2017:Best Feature Debut - Grand Jantar:no; Koszalinski Festiwal Debiutow Filmowych Mlodzi i Film:2017:Best Feature Film - Legal Culture Special Awards:no; ZagrebDox:2017:International Competition - Big Stamp:no; La Roche-sur-Yon International Film Festival:2016:Prix Nouvelles Vagues Acuitis:no; Directors Guild of Poland:2016:Best Director - Krzysztof Krauze Award:no; Polish Film Festival:2016:Best Film - Golden Lions:no; Stockholm Film Festival:2016:Best Documentary - Bronze Horse:no","2017:Outstanding Achievement in Original Music Score - Cinema Eye Honors Award:Cinema Eye Honors Awards, US; 2017:Heterodox Award:Cinema Eye Honors Awards, US; 2017:The Unforgettables - Cinema Eye Honors Award:Cinema Eye Honors Awards, US; 2017:Best Editing (Najlepszy Montaz) - Eagle:Polish Film Awards; 2017:Outstanding Achievement in Cinematography - Cinema Eye Honors Award:Cinema Eye Honors Awards, US",2015-11-06 10:34:07.784347+00:00,2026-01-05 17:07:18.532546+00:00
275,Almost Sunrise,almost-sunrise,published,COMPLETED,feature,2016,98,466401,no,https://www.youtube.com/watch?v=1kTgVXuli8s,docsociety.org,,"Activism, Mental Health",United States,gpchi2015,Producer:Marty Syjuco,,,Telluride Mountainfilm Festival:2016:Moving Mountains Award:no; Toronto ReelWorld Film Festival:2016:Audience Award:no; SAMHSA Voice Awards:2017:Best Documentary:no; Waimea Ocean Film Festival:2017:Best Film - Thought Provoking:no,2018:Outstanding Current Affairs Documentary:News & Documentary Emmy Awards,2018-01-29 10:30:39.994626+00:00,2026-01-05 17:08:25.339621+00:00
135,Alt Orgs - Sustaining the Human,alt-orgs-sustaining-the-human,published,PRODUCTION,short,,,,no,,docsociety.org,,,"Benin, Burkina Faso, Cape Verde, Colombia, Gambia, Ghana, Guinea, Guinea-Bissau, Italy, Ivory Coast, Liberia, Mali, Mauritania, Niger, Nigeria, Senegal, Sierra Leone, Togo, United Kingdom, United States",,Director:Patricia Murphy,,,,,2015-05-19 04:45:33.540468+00:00,2025-11-05 10:52:02.344692+00:00
182,Amazing Azerbaijan,amazing-azerbaijan,published,COMPLETED,short,2013,60,973266,no,https://www.youtube.com/watch?v=y7SQZygG-EM,docsociety.org,,Human Rights,Azerbaijan,,Directors:Liz Mermin,http://amazingazerbaijan.com/,,,,2015-05-19 04:45:34.858968+00:00,2026-01-05 17:11:57.452847+00:00
384,And So It Begins,how-it-ends,published,COMPLETED,feature,2024,,1214551,no,https://www.youtube.com/watch?v=BXS3dTSKNKo,"docsociety.org, thresholdfund.org",Threshold,,Philippines,,Director:Ramona Diaz; executive producer:Stephen Gong; executive producer:David J. Cornfield; executive producer:Linda A. Cornfield; Music:Christian Almiron,,,Thessaloniki Documentary Film Festival:2024:International Competition:no; Dokufest International Documentary and Short Film Festival:2024:Truth Award:no; Sundance:2024:Documentary Film:no,,2021-11-10 17:07:55.616717+00:00,2026-01-07 09:55:13.660843+00:00
232,An Insignificant Man,insignificant-man,published,COMPLETED,feature,2016,,411010,no,https://www.youtube.com/watch?v=Vq646VcT72I,docsociety.org,"Bertha Journalism, Better Futures","Activism, Politics, Society",India,,"Producers:Anand Gandhi, Khushboo Ranka & Vinay Shukla; Directors:Khushboo Ranka & Vinay Shukla",http://www.prop4rev.com,,"Hong Kong International Film Festival:2017:Documentary:no; London Film Festival:2016:Documentary Film:no; Brooklyn International Film Festival:2017:Best Documentary:no; Los Angeles Indian Film Festival:2017:Best Documentary Feature:no; CPH:DOX:2017:F:ACT Award:no; Cinema Eye Honors Awards, US:2018:Spotlight Award:no; Black Movie Film Festival:2017:Audience Award:no; FreedomFilmFest:2017:Best Feature Documentary:no",,2016-03-29 13:41:42.723299+00:00,2026-01-07 10:24:00.747286+00:00
329,An Intermission,stoke-film,published,PRODUCTION,short,,,803023,no,,"bfi.docsociety.org, docsociety.org",BFI Doc Society: Made of Truth,,United Kingdom,,Producer:Elizabeth M.E. Benjamin; Director:Edward Mingard,,,,,2020-04-08 19:35:50.365346+00:00,2025-11-04 14:37:27.037225+00:00
153,A Norwegian Crime in Congo (Working Title),a-norwegian-crime-in-congo-working-title,published,PRODUCTION,feature,2016,,,no,https://www.youtube.com/watch?v=v_QnbM7d5mM,docsociety.org,Bertha Journalism,"Justice, Politics",Congo,,Director:Djo Munga,,,,,2015-05-19 04:45:33.964448+00:00,2026-01-07 10:33:27.670709+00:00
293,Another Kind of Paradise,another-kind-of-paradise,published,COMPLETED,short,2019,,798014,no,,"bfi.docsociety.org, docsociety.org",BFI Doc Society: Made of Truth,"Identity, Society","Afghanistan, United Kingdom",,Producer: Steven Lake; Director:Isabel Morales Bondy,,,,,2018-12-14 12:52:31.741125+00:00,2026-01-07 10:40:53.607699+00:00
381,Apocalypse in the Tropics,dystopia,published,COMPLETED,feature,2024,,1320400,no,https://www.youtube.com/watch?v=Ii29Gvno1Mo,"docsociety.org, thresholdfund.org","Better Futures, Threshold",,Brazil,,Director:Petra Costa; Producer:Alessandra Orofino,,US:Netflix:https://www.netflix.com/title/81989009/; AU:Netflix:https://www.netflix.com/title/81989009/; ZA:Netflix:https://www.netflix.com/title/81989009/; BR:Netflix:https://www.netflix.com/title/81989009/; CA:Netflix:https://www.netflix.com/title/81989009/; DE:Netflix:https://www.netflix.com/title/81989009/; FR:Netflix:https://www.netflix.com/title/81989009/; GB:Netflix:https://www.netflix.com/title/81989009/; IE:Netflix:https://www.netflix.com/title/81989009/; MX:Netflix:https://www.netflix.com/title/81989009/; NZ:Netflix:https://www.netflix.com/title/81989009/,Denver Film Festival:2024:Best Documentary:no; Stockholm Film Festival:2024:Best Documentary:no; Montclair Film Festival (MFF):2024:Bruce Sinofsky Prize for Documentary Feature:no,2024:Montclair Film Festival (MFF) - David Carr Award for Truth in Non-Fiction Filmmaking:; 2024:Montclair Film Festival (MFF) - David Carr Award for Truth in Non-Fiction Filmmaking:,2021-11-10 16:12:14.600170+00:00,2026-01-07 10:42:00.227076+00:00
116,Armenia Wants A Piece of the North Pole and the South Pole Too,armenia-wants-a-piece-of-the-north-pole-and-the-south-pole-too,published,PRODUCTION,,,,,no,,docsociety.org,,,,,Director:Vardan Hovhannisyan,,,,,2015-05-19 04:45:33.185623+00:00,2023-07-05 09:35:32.367590+00:00
450,A Seed of Maize,a-seed-of-maize,published,COMPLETED,feature,2017,,,no,https://www.youtube.com/watch?v=yV5dd5LQguY,docsociety.org,Flex Fund,,Zambia,,,,,Festival de Cine del Valle de Guadalupe:2024:Best Director in a Narrative - Kurrak Rama de Oro:no; Festival de Cine del Valle de Guadalupe:2024:Best Cinematography in a Narrative:no; Festival de Cine del Valle de Guadalupe:2024:Best Editing in a Narrative:no; Festival de Cine del Valle de Guadalupe:2024:Best Original Music:no; Festival de Cine del Valle de Guadalupe:2024:Best Narrative Short:no; Festival de Cine del Valle de Guadalupe:2024:Best Actor:no; Festival de Cine del Valle de Guadalupe:2024:Best Supporting Actress:no; Festival de Cine del Valle de Guadalupe:2024:Best Ensemble Cast:no,,2023-10-17 21:31:30.793243+00:00,2025-11-04 14:47:40.325409+00:00
368,Asog,asog,published,COMPLETED,feature,2023,,1115193,yes,https://www.youtube.com/watch?v=hkAXXfqtZxk,"climatestoryunit.org, docsociety.org",Climate Story Fund,Environment,Philippines,,Director:Seán Devlin 叶 世民; Producer:Amanda Ernst,,,Hawaii International Film Festival:2023:Best Film:no; L.A. Outfest:2023:Outstanding Screenwriting in an International Narrative Feature:no; São Paulo International Film Festival:2023:Best Fiction:no; São Paulo International Film Festival:2023:Best Picture:no; Warsaw International Film Festival:2023:Canadian Narrative Feature Award:no,2023:São Paulo International Film Festival - Best Performance:; 2023:Audience Award:Vancouver International Film Festival; 2023:Best Documentary Feature - Honorable Mention:Vancouver International Film Festival; 2023:Best BC Film - Honorable Mention:Vancouver International Film Festival; 2023:RBC Emerging Artists Award:Calgary International Film Festival; 2024:Best Feature Film:Queer Lisboa - Festival Internacional de Cinema Queer; 2024:Committee Choice Award:Bali International Film Festival (aka BALINALE); 2023:Frameline Completion Fund:Frameline San Francisco International LGBTQ Film Festival; 2024:Hivos Prize:Roze Filmdagen Amsterdam (Pink Filmdays Amsterdam) LGBT Film Festival; 2023:Best Film - Special Mention:CinemAsia Film Festival; 2024:Best Feature Film:Ljubljana LGBT Film Festival; 2024:Best Feature Film:Festival Mix Milano,2021-11-08 16:43:30.490370+00:00,2026-01-07 10:46:21.083418+00:00
122,A Spell to Ward Off the Darkness,a-spell-to-ward-off-the-darkness,published,COMPLETED,short,2014,98,211722,no,https://www.youtube.com/embed/B64vsxTkXTc,docsociety.org,,Art & Culture,Norway,,Director:Ben Russell and Ben Rivers,http://www.aspelltowardoffthedarkness.com/,,,,2015-05-19 04:45:33.311589+00:00,2025-11-04 14:55:55.552316+00:00
472,A Story Left Behind,a-story-left-behind,published,PRODUCTION,short,2024,,1474269,no,https://www.youtube.com/watch?v=lPRacA2vXlk,,BFI Doc Society: Made of Truth,"Identity, Society",United Kingdom,,Producer:Henrietta Bennett; Director:Asma Kabadeh; Producer:Sam Coffey,,,,,2024-04-22 11:04:10.688269+00:00,2026-02-25 11:18:43.578729+00:00
289,A Story of Bones,story-bones,published,COMPLETED,feature,2024,,965226,yes,https://www.youtube.com/watch?v=vtX1fZfEk-E,"bfi.docsociety.org, docsociety.org",BFI Doc Society Production Fund,"Activism, Justice",United Kingdom,,"Directors:Joseph Curran, Dominic Aubrey de Vere; Producer:Jo-Jo Ellison ",,,,,2018-11-26 16:12:00.181682+00:00,2026-01-07 10:49:45.665718+00:00
458,At the Barricades,at-the-barricades,published,PRODUCTION,feature,,,,no,,"docsociety.org, thresholdfund.org",Threshold,,United States,,Director:David France; Producer:Paul McGuire,,,,,2023-11-29 18:48:30.696052+00:00,2025-11-04 15:06:30.402838+00:00
478,A View From The Edge,a-view-from-the-edge,published,PRODUCTION,feature,,,,no,,"bfi.docsociety.org, docsociety.org",BFI Doc Society: RAD Fund,,United Kingdom,,Producer:Jodie Taylor; Director:Chloe White,,,,,2024-07-16 17:12:36.797479+00:00,2025-11-04 15:08:30.443868+00:00
436,A Want In Her,no-place-home,published,COMPLETED,feature,2024,,883117,no,https://www.youtube.com/watch?v=1ay-nKh9Wmg,"bfi.docsociety.org, docsociety.org",BFI Doc Society Production Fund,"Identity, Mental Health",Ireland,,Producer:Roisín Geraghty; Director:Myrid Carten; Exec Producer:Kat Mansoor,,,International Documentary Film Festival Amsterdam (IDFA):2024::yes,,2023-02-21 16:45:45.371975+00:00,2026-01-07 11:14:01.738904+00:00
5,A Whole Lott More,a-whole-lott-more,published,COMPLETED,feature,2011,90,525167,no,https://www.youtube.com/watch?v=JauGXb-6Yww,docsociety.org,Foundation,"Health, Society",United States,silverdocs2010,Director:Victor Buhler,,,,,2015-05-19 04:45:30.861462+00:00,2026-01-07 11:35:55.841824+00:00
61,Backstory,backstory,published,COMPLETED,short,2009,39,211389,no,,docsociety.org,Foundation,,United States,,Director:Mark Lewis,,,,,2015-05-19 04:45:31.882500+00:00,2025-11-13 11:12:27.400161+00:00
295,Bathroom Privileges,bathroom-privileges,published,PRODUCTION,short,,,674490,no,https://vimeo.com/388733074,"bfi.docsociety.org, docsociety.org",BFI Doc Society: Made of Truth,"Human Rights, LGBTQIA+, Society",United Kingdom,,Director:Rupert Williams ; Producer:Emma Parsons,,,,,2019-01-10 17:42:36.801244+00:00,2026-01-07 11:46:16.256236+00:00
241,Becoming Animal,becoming-animal,published,COMPLETED,short,2017,,509766,no,https://www.youtube.com/watch?v=Oia7EQupIZY,docsociety.org,Pulse Doc Society Genesis,"Art & Culture, Environment, Society",United States,,Directors:Emma Davie & Peter Mettler,http://www.scottishdocinstitute.com,,,,2016-06-29 11:06:48.880668+00:00,2026-01-07 11:48:38.076239+00:00
274,Bellingcat,bellingcat,published,COMPLETED,feature,,90,558739,yes,https://www.youtube.com/watch?v=2IzKbr_BRG4,docsociety.org,Circle Fund,"Justice, Politics, Society","Netherlands, United Kingdom, United States",,Director:Hans Pool; Producer:Femke Wolting,,,,,2017-12-13 11:27:32.916302+00:00,2026-01-07 11:51:31.888711+00:00
591,Beyond The Rush,beyond-the-rush,published,COMPLETED,short,2025,,,no,https://vimeo.com/1067679768?fl=pl&fe=sh,"bfi.docsociety.org, docsociety.org",BFI Doc Society: Made of Truth,"Art & Culture, Identity, Society",United Kingdom,,Director:Niyadre; Producer:Christina Wiafe-Toppin,,,BFI London Film Festival:2025::yes,,2026-03-18 15:32:21.576630+00:00,2026-03-18 16:51:05.896287+00:00
124,Bidesia in Bambai,bidesia-in-bambai,published,PRODUCTION,,,,,no,,docsociety.org,,,,,Director:Surabhi Sharma,,,,,2015-05-19 04:45:33.346828+00:00,2023-07-05 09:35:32.607696+00:00
190,Big Boys Gone Bananas!*,big-boys-gone-bananas,published,COMPLETED,short,2012,88,84177,no,https://www.youtube.com/embed/pqrX4BhtDHg,docsociety.org,Bertha Journalism,"Activism, Environment, Human Rights, Justice","Sweden, United States",gpeu2012,Director:Fredrik Gertten,http://www.bigboysgonebananas.com/welcome?splash=1,FR:Netflix:https://www.netflix.com/title/70228010/; DE:Netflix:https://www.netflix.com/title/70228010/; GB:Netflix:https://www.netflix.com/title/70228010/; IE:Netflix:https://www.netflix.com/title/70228010/,,,2015-05-19 04:45:35.034827+00:00,2025-11-04 15:39:34.098116+00:00
261,Bisbee '17,bisbee,published,COMPLETED,feature,2018,112,490758,no,https://www.youtube.com/watch?v=XSs599e3yZ4,docsociety.org,"Circle Fund, Pulse Doc Society Genesis",Society,United States,,Director:Robert Greene ,,,Cleveland International Film Festival:2018:Greg Gund Memorial Standing Up Award:no; London Film Festival:2018:Documentary Film:no; Sundance:2018:Sundance Film Festival:no; Athens International Film Festival:2018:Best Doumentary:no; Minneapolis St. Paul International Film Festival:2018:Best Documentary:no; DocAviv Film Festival:2018:Depth of Field Competition:no,"2018:Audience Award:Gotham Awards; 2018:Best Music:International Documentary Association; 2019:Outstanding Achievement in Cinematography:Cinema Eye Honors Awards, US; 2019:Outstanding Achievement in Original Music Score:Cinema Eye Honors Awards, US; 2025:Outstanding Achievement in Direction:Cinema Eye Honors Awards, US; 2019:Outstanding Achievement in Production:Cinema Eye Honors Awards, US; 2019:Outstanding Achievement in Nonfiction Feature Filmmaking:Cinema Eye Honors Awards, US; 2019:Best International Documentary:Docville; 2018:Best Documentary:Gotham Awards; 2018:DOX:AWARD:CPH:DOX",2017-04-27 14:55:56.538553+00:00,2026-01-07 11:59:39.814741+00:00
351,#BLACKBOYJOYGONE,blackboyjoygone,published,COMPLETED,short,2023,,,no,https://www.youtube.com/watch?v=vS9DyHQlCZQ,"bfi.docsociety.org, docsociety.org",BFI Doc Society: Made of Truth,"Identity, Mental Health, Society",United Kingdom,,Producer:Melanie Abrahams; Director:Isaac Ouro-Gnao; Director:Ashley Karrell,,,,,2021-04-30 10:36:24.615163+00:00,2026-01-07 12:01:40.475596+00:00
18,Black Gold,black-gold,published,COMPLETED,feature,2005,78,49952,no,https://www.youtube.com/embed/uiWDjObe_fs,docsociety.org,Foundation,Society,"Ethiopia, United Kingdom, United States",,Directors:Nick Francis and Marc Francis,http://blackgoldmovie.com/,GB:Apple TV:https://tv.apple.com/gb/movie/black-gold/umc.cmc.7di3l8d0lvfc6294su3cc81qy?playableId=tvs.sbd.9001%3A1558738815; IE:Apple TV:https://tv.apple.com/ie/movie/black-gold/umc.cmc.7di3l8d0lvfc6294su3cc81qy?playableId=tvs.sbd.9001%3A1558738815; IE:Apple TV:https://tv.apple.com/ie/movie/black-gold/umc.cmc.7di3l8d0lvfc6294su3cc81qy?playableId=tvs.sbd.9001%3A1558738815; GB:Apple TV:https://tv.apple.com/gb/movie/black-gold/umc.cmc.7di3l8d0lvfc6294su3cc81qy?playableId=tvs.sbd.9001%3A1558738815,,,2015-05-19 04:45:31.089897+00:00,2025-11-04 15:45:54.408761+00:00
218,Black Mother,jamaica,published,COMPLETED,feature,2018,77,500859,no,https://www.youtube.com/watch?v=h-4PGHrvV5o,docsociety.org,"Foundation, Pulse Doc Society Genesis","Art & Culture, Society",Jamaica,,Director:Khalik Allah,,,Montréal Festival of New Cinema:2018:Prix de l'expérimentation:no; AFI Fest:2018:New Auteurs:no; Sarasota Film Festival:2018:Best Film:no; Sheffield International Documentary Festival:2018:Art Doc Award:no; DocAviv Film Festival:2019:Depth of Field Competition:no; Dokufest International Documentary and Short Film Festival:2018:International Dox Award:no; Milwaukee Film Festival:2018:Hertzfeld Competition Award:no; Montclair Film Festival (MFF):2018:Bruce Sinofsky Prize for Documentary Feature:no; Montclair Film Festival (MFF):2018:Bruce Sinofsky Prize - Honorable Mention:no; Indie Memphis Film Festival:2018:Best Departures Feature:no; Oak Cliff Film Festival:2018:Best Documentary Feature:no,"2020:Truer Than Fiction Award:Film Independent Spirit Awards; 2018:New Vision Award:CPH:DOX; 2020:Outstanding Achievement in Original Music Score:Cinema Eye Honors Awards, US; 2018:Best Undistributed Film:Indiewire Critics' Poll",2015-11-03 11:02:02.343140+00:00,2026-01-07 12:05:40.066480+00:00
113,Black Out,black-out,published,COMPLETED,short,2013,47,357087,no,https://www.youtube.com/embed/XXIAwRsKQBo,docsociety.org,,,Guinea,,Director:Eva Weber,,,,,2015-05-19 04:45:33.123823+00:00,2025-11-13 11:23:43.501572+00:00
363,Black Snow,black-snow,published,PRODUCTION,feature,,,1245232,no,https://www.youtube.com/watch?v=iodtSxjiwZs,docsociety.org,Perspective Fund,"Activism, Environment",Russia,,Producer:Kirstine Barfod; Director:Alina Simone,,,,,2021-08-10 19:39:04.408114+00:00,2026-03-11 16:08:22.061213+00:00
330,Blackthorn,blackthorn,published,PRODUCTION,short,,,,no,https://vimeo.com/594629246?fl=pl&fe=cm,"bfi.docsociety.org, docsociety.org",BFI Doc Society: Made of Truth,Society,United Kingdom,,Producer:Rebecca Day; Director:Dom Bush; Producer:Helen Lawrie,,,,,2020-04-08 19:42:54.043560+00:00,2026-01-07 12:27:26.498802+00:00
395,Blue Bag Life,blue-bag-life,published,COMPLETED,feature,2022,,1019165,no,https://www.youtube.com/watch?v=-OYachSF9k0,"bfi.docsociety.org, docsociety.org",BFI Doc Society Production Fund,,United Kingdom,,Director:Rebecca Lloyd Evans; Producer:Natasha Dack-Ojumu; Director:Lisa Selby,,,,,2022-03-31 11:49:12.232692+00:00,2026-01-07 12:30:43.858808+00:00
441,Blue Has No Borders,border-town,published,COMPLETED,feature,2025,,1480401,no,https://www.youtube.com/watch?v=Cf88jAF327A,"bfi.docsociety.org, docsociety.org",BFI Doc Society Production Fund,"Politics, Society",United Kingdom,,Producer:Nikki Parrot; Producer:Charlie Phillips; Director:Jessi Gutch,,,Sheffield Doc Fest:2025::yes,,2023-02-21 17:07:23.803347+00:00,2026-01-07 12:32:40.379094+00:00
211,Blue ID,blue-id,published,COMPLETED,feature,2022,,1034396,no,,docsociety.org,"Bertha Journalism, Better Futures","LGBTQIA+, Society",Turkey,gpeu2015,Directors:Vuslat Karan & Burcu Melekoglu,,,Merlinka festival:2023:Best Documentary:no; Gender Equity in Media Festival (GEMFest):2024:Best Documentary Feature:no; Gender Equity in Media Festival (GEMFest):2024:Best Editing in a Feature:no; Gender Equity in Media Festival (GEMFest):2024:Feature Film Impact Award:no; International Documentary Film Festival Amsterdam (IDFA):2022:Audience Award:no,,2015-07-03 10:50:14.140974+00:00,2025-11-05 10:13:38.486444+00:00
559,Boubé of the Fulani [Field Sheperds Caravan],boube-of-the-fulani-field-sheperds-caravan,published,COMPLETED,short,2022,,,no,,climatestoryunit.org,Climate Story Fund,,"Benin, South Africa",,Director:Félicien Assogba; Producer:Arnold Setohou; Producer:Tiny Mungwe,,,,,2025-11-08 00:09:25.439024+00:00,2025-11-08 00:09:25.439057+00:00
385,Boycott,boycott,published,COMPLETED,feature,2021,70,887179,no,https://www.youtube.com/watch?v=FAMAFyR7L9U,"democracystoryunit.org, docsociety.org, thresholdfund.org","Bertha Journalism, Threshold","Activism, Justice, Politics, Society",United States,,Producer:Suhad Babaa; Director:Julia Bacha; Producer:Daniel Chalfen,,,SXSW Film Festival:2022:SXSW Film Festival:no; Cleveland International Film Festival:2022:Greg Gund Memorial Standing Up Award:no,,2021-11-10 17:20:39.520942+00:00,2026-01-07 12:39:19.807549+00:00
320,Breaking the Brick,breaking-brick,published,COMPLETED,feature,2022,,995424,yes,http://www.vimeo.com/766484981,docsociety.org,Perspective Fund,,Chile,,Director:Carola Fuentes; Director:Rafael Valdeavellano,,,,,2020-02-24 14:59:40.702744+00:00,2026-03-11 16:09:37.843958+00:00
556,Bring Them Home/Aiskótáhkapiyaaya,bring-them-homeaiskotahkapiyaaya,published,COMPLETED,feature,2024,,1230140,no,,climatestoryunit.org,,,United States,,Director:Ivan MacDonald; Director:Ivy MacDonald; Director:Daniel Glick; Producer:Lily Gladstone; Producer:Sarah Clarke; Producer:Melissa Grumhaus,,,,,2025-11-07 23:28:21.749371+00:00,2025-11-07 23:29:47.821945+00:00
201,Brooklyn Castle,brooklyn-castle,published,COMPLETED,short,2012,101,95808,no,https://www.youtube.com/watch?v=-wzFo2gJgK0,docsociety.org,,Society,United States,gpny2011,Director:Katie Dellamaggiore,http://www.brooklyncastle.com/,,,,2015-05-19 04:45:35.231384+00:00,2026-01-07 12:53:33.731494+00:00
593,Built By Sound,built-by-sound,published,COMPLETED,vr_ar,2025,,,no,,"bfi.docsociety.org, docsociety.org",,,United Kingdom,,Director:Shehani Fernando; Producer:Kye Dorricott,,,,,2026-04-27 14:42:37.954381+00:00,2026-04-28 09:47:40.091128+00:00
36,Bukom: the Fighting Spirit,bukom-the-fighting-spirit,published,COMPLETED,feature,2006,80,,no,,docsociety.org,Foundation,,"Ghana, United Kingdom, United States",,Producer:George Amponsah; Director:George Amponsah,,,,,2015-05-19 04:45:31.428865+00:00,2026-02-25 11:53:39.593946+00:00
141,Bulletcatcher,heaven-admits-no-slaves,published,PRODUCTION,short,2016,,,no,,docsociety.org,Bertha Journalism,Politics,Ukraine,,Directors:Ruslan Batytskyi and Lesya Kalynska,,,,,2015-05-19 04:45:33.634767+00:00,2026-03-04 11:55:17.189438+00:00
280,Bulletproof,untitled-safe-schools-project,published,PRODUCTION,feature,,,664932,yes,https://www.youtube.com/watch?v=QBJBBc8PiFU,"docsociety.org, thresholdfund.org",Threshold,,United States,,Director:Todd Chandler; Producer:Danielle Varga,,,,,2018-08-22 13:01:44.563530+00:00,2026-01-07 14:46:04.128851+00:00
74,Call Me Kuchu,call-me-kuchu,published,COMPLETED,,2013,87,,no,"https://www.youtube.com/embed/tn2fwqrejhE""",docsociety.org,,"Human Rights, LGBTQIA+",,gpeu2012,Director:Katherine Fairfax Wright  &  Malika Zouhali-Worrall; :Malika Zouhali-Worrall and Katherin Fairfax Wright,http://callmekuchu.co.uk/,,,,2015-05-19 04:45:32.296417+00:00,2023-07-05 09:35:33.107367+00:00
117,Cal Summits,cal-summits,published,PRODUCTION,short,,,,no,https://vimeo.com/28067259,docsociety.org,,,Peru,,Director:Luis Ilizarbe,,,,,2015-05-19 04:45:33.212830+00:00,2026-01-07 14:51:54.280498+00:00
14,Calvet,calvet,published,COMPLETED,short,2011,86,433063,no,https://www.youtube.com/watch?v=z0cK0FRZsn4,docsociety.org,Foundation,Art & Culture,"Costa Rica, France",,Director:Dominic Allan,http://calvetmovie.com/,,,,2015-05-19 04:45:31.030922+00:00,2026-01-07 14:58:25.091419+00:00
318,Camera People of the 21st Century,camera-people-21st-century,published,PRODUCTION,short,,,376534,no,,docsociety.org,,,"Bosnia and Herzegovina, Nigeria, United States, Yemen",,,,,,,2020-02-19 19:53:06.590824+00:00,2026-01-29 12:34:28.635863+00:00
414,Can I Live?,can-i-live,published,COMPLETED,short,2022,60,939787,yes,https://www.youtube.com/watch?v=nKkB-simOZs&list=PLLEx0tB8K9bT9zOS1amPlFX13inRwma2t&index=3,"climatestoryunit.org, docsociety.org",Climate Story Fund,"Activism, Environment, Identity",United Kingdom,,Creator:Fehinti Balogun,,,,,2022-09-07 14:38:10.625594+00:00,2026-01-07 15:10:50.631174+00:00
497,Can't Get You Out Of My Head,cant-get-you-out-of-my-head,published,PRODUCTION,feature,,,,no,,docsociety.org,,,United Kingdom,,Producer:Gannesh Rajah; Director:Angela Clarke,,,,,2024-12-10 11:10:09.598685+00:00,2026-01-07 15:17:53.947224+00:00
250,Carbon Crooks,carbon-crooks,published,COMPLETED,short,2015,,,no,https://www.youtube.com/watch?v=hvmKbYT43nk,docsociety.org,Bertha Journalism,"Environment, Politics","Bangladesh, Denmark, Kenya",,,http://carboncrooks.tv/,,,2024:Best Journalistic Documentary - Enviro Film Slovakia:; 2024:Best Medium Length Film - FICA Brazil:; 2024:Honorable Mention - Planetedoc Poland:,2016-09-23 14:36:19.998699+00:00,2025-11-05 11:15:46.333166+00:00
257,Care,care,published,COMPLETED,short,2016,65,,no,https://vimeo.com/94982433,docsociety.org,,Society,United States,gpny2015,Producer:Pearl Doughty-White; Producer:Tony Heriza; Director:Deirdre Fischel ,https://vimeo.com/190748545,,,,2017-04-11 17:03:40.841070+00:00,2026-01-07 15:22:14.850231+00:00
224,Casablanca Calling,casablanca-calling,published,COMPLETED,feature,2014,,,no,https://vimeo.com/28629433,docsociety.org,Flex Fund,"Human Rights, Society",Morocco,,Producer:Hilary Durman; Director:Rosa Rogers,http://www.casablancacalling.com,,,,2015-12-10 11:08:18.896584+00:00,2026-03-19 14:03:07.015002+00:00
243,Cecilia,cecilia,published,COMPLETED,short,2015,,420792,no,https://www.youtube.com/watch?v=qA42SBkMybk,docsociety.org,,"Human Rights, Society",India,,Director:Pankaj Johar,http://CeciliaTheFilm.com,,,,2016-06-29 11:26:14.426018+00:00,2025-11-05 11:26:56.427502+00:00
438,Celluloid Underground,celluloid-underground,published,COMPLETED,feature,2023,,1171302,no,https://www.youtube.com/watch?v=67N0_THm_58,"bfi.docsociety.org, docsociety.org",BFI Doc Society Production Fund,"Human Rights, Politics, Society","Iran, United Kingdom",,Director:Ehsan Khoshbakht; Producer:Adam Dawtrey; Producer:Mary Dawtrey,,,Asian Film Festival Barcelona:2023:Best Film:no; BFI London Film Festival:2023:Documentary Film:no,2024:Special Mention:Asian Film Festival Barcelona,2023-02-21 16:53:10.748251+00:00,2026-01-07 15:27:26.119860+00:00
531,Chain of Rocks,chain-of-rocks,published,PRODUCTION,feature,,,,no,,docsociety.org,Perspective Fund,,United States,,Producer:Chris Renteria; Director:Damon Davis,,,,,2025-10-16 16:45:32.881328+00:00,2025-11-05 11:33:13.344089+00:00
125,Charlie PELE,charlie-pele,published,PRODUCTION,short,,,,no,,docsociety.org,,,Kenya,,Director:F.Simiyu Barasa,,,,,2015-05-19 04:45:33.364225+00:00,2025-11-05 11:44:20.207615+00:00
221,Chasing Coral,untitled-reef-project,published,COMPLETED,feature,2017,,432615,no,https://www.youtube.com/watch?v=bSG8J_fLvQQ,docsociety.org,Circle Fund,Environment,"Australia, United Kingdom",gpny2015,Producer:Larissa Rhodes; Director:Jeff Orlowski,http://instagram.com/exposurelabs; http://www.exposurelabs.com,AU:Netflix:https://www.netflix.com/title/80168188/; BR:Netflix:https://www.netflix.com/title/80168188/; NZ:Netflix:https://www.netflix.com/title/80168188/; BR:Apple TV:https://tv.apple.com/br/movie/em-busca-dos-corais/umc.cmc.67s2knd3r25qbh74ry64syn4y; FR:Apple TV:https://tv.apple.com/fr/movie/chasing-coral/umc.cmc.67s2knd3r25qbh74ry64syn4y; GB:Netflix:https://www.netflix.com/title/80168188/; MX:Netflix:https://www.netflix.com/title/80168188/; ZA:Netflix:https://www.netflix.com/title/80168188/; CA:Netflix:https://www.netflix.com/title/80168188/; DE:Netflix:https://www.netflix.com/title/80168188/; FR:Netflix:https://www.netflix.com/title/80168188/; US:Netflix:https://www.netflix.com/title/80168188/; IE:Netflix:https://www.netflix.com/title/80168188/; AU:Apple TV:https://tv.apple.com/au/movie/chasing-coral/umc.cmc.67s2knd3r25qbh74ry64syn4y,Seattle International Film Festival:2017:Best Documentary:no; Sundance:2017:Documentary - Grand Jury Prize:no; Sundance:2017:Documentary - Audience Award:no; Hot Docs Canadian International Documentary Festival:2017:Best Documentary - Audience Award:no; Boulder International Film Festival:2017:Call to Action Award:no; Boulder International Film Festival:2017:Feature Length Film - Peoples Choice Award:no; Boulder International Film Festival:2017:Best Feature Documentary - BIFF Award:no; Sheffield International Documentary Festival:2017:Environmental Award:no,"2017:Documentary Film - EMA Award:Environmental Media Awards, USA; 2018:Best Motion Picture, Documentary - Satellite Award:Satellite Awards; 2018:Outstanding Nature Documentary:News & Documentary Emmy Awards; 2018:Best Documentary:News & Documentary Emmy Awards; 2018:Outstanding Music and Sound:News & Documentary Emmy Awards; 2018:Outstanding Producer of Documentary Theatrical Motion Pictures:PGA Awards",2015-11-06 11:12:06.112761+00:00,2026-01-07 15:35:32.972045+00:00
63,Chasing Ice,chasing-ice,published,COMPLETED,feature,2012,,84185,no,https://www.youtube.com/embed/eIZTMVNBjc4,docsociety.org,,Environment,United States,,Director:Jeff Orlowski,http://chasingice.co.uk/,CA:Apple TV:https://tv.apple.com/ca/movie/chasing-ice/umc.cmc.h9wmmbrpkwvhs9d5r8n63btp?playableId=tvs.sbd.9001%3A1548076910; AU:Apple TV:https://tv.apple.com/au/movie/chasing-ice/umc.cmc.h9wmmbrpkwvhs9d5r8n63btp; AU:Apple TV:https://tv.apple.com/au/movie/chasing-ice/umc.cmc.h9wmmbrpkwvhs9d5r8n63btp; AU:Prime Video:https://www.primevideo.com/detail/0KRIOJFCSPN1V9MH8N035EPVUQ/ref=atv_dp; CA:Apple TV:https://tv.apple.com/ca/movie/chasing-ice/umc.cmc.h9wmmbrpkwvhs9d5r8n63btp?playableId=tvs.sbd.9001%3A1548076910; GB:Prime Video:https://www.amazon.co.uk/gp/video/detail/B08PDWZBC3/ref=atv_dp; US:Apple TV:https://tv.apple.com/us/movie/chasing-ice/umc.cmc.h9wmmbrpkwvhs9d5r8n63btp; NZ:Prime Video:https://www.primevideo.com/detail/0KRIOJFCSPN1V9MH8N035EPVUQ/ref=atv_dp; IE:Apple TV:https://tv.apple.com/ie/movie/chasing-ice/umc.cmc.h9wmmbrpkwvhs9d5r8n63btp?playableId=tvs.sbd.9001%3A620495733; NZ:Apple TV:https://tv.apple.com/nz/movie/chasing-ice/umc.cmc.h9wmmbrpkwvhs9d5r8n63btp; IE:Apple TV:https://tv.apple.com/ie/movie/chasing-ice/umc.cmc.h9wmmbrpkwvhs9d5r8n63btp?playableId=tvs.sbd.9001%3A620495733; NZ:Apple TV:https://tv.apple.com/nz/movie/chasing-ice/umc.cmc.h9wmmbrpkwvhs9d5r8n63btp; GB:Prime Video:https://www.amazon.co.uk/gp/video/detail/B08PDWZBC3/ref=atv_dp; NZ:Prime Video:https://www.primevideo.com/detail/0KRIOJFCSPN1V9MH8N035EPVUQ/ref=atv_dp; GB:Apple TV:https://tv.apple.com/gb/movie/chasing-ice/umc.cmc.h9wmmbrpkwvhs9d5r8n63btp?playableId=tvs.sbd.9001%3A1548076910; US:Prime Video:https://www.amazon.com/gp/video/detail/B08PDSSNS6/ref=atv_dp; US:Apple TV:https://tv.apple.com/us/movie/chasing-ice/umc.cmc.h9wmmbrpkwvhs9d5r8n63btp; US:Prime Video:https://www.amazon.com/gp/video/detail/B08PDSSNS6/ref=atv_dp; AU:Prime Video:https://www.primevideo.com/detail/0KRIOJFCSPN1V9MH8N035EPVUQ/ref=atv_dp; GB:Apple TV:https://tv.apple.com/gb/movie/chasing-ice/umc.cmc.h9wmmbrpkwvhs9d5r8n63btp?playableId=tvs.sbd.9001%3A1548076910,,,2015-05-19 04:45:31.915989+00:00,2025-11-26 17:38:27.159694+00:00
353,Child Of Polycritus,child-polycritus,published,PRODUCTION,short,,,872774,no,,"bfi.docsociety.org, docsociety.org",BFI Doc Society: Made of Truth,"Human Rights, Identity, LGBTQIA+",Greece,,Producer:Luke W Moody; Director:Lauren John Joseph,,,,,2021-04-30 10:51:51.124441+00:00,2025-11-05 11:58:58.879653+00:00
27,Chosen,chosen,published,COMPLETED,feature,2008,100,938644,no,https://www.youtube.com/watch?v=pFwoVJwG3Yg,docsociety.org,Foundation,"Justice, Society",United Kingdom,,Director:Brian Woods,,,,,2015-05-19 04:45:31.264233+00:00,2026-01-07 15:47:38.448507+00:00
1,CITIZENFOUR,citizenfour,published,COMPLETED,feature,2014,114,293310,no,https://vimeo.com/108614953,docsociety.org,"Bertha Journalism, Better Futures, Circle Fund, Foundation","Politics, Society","China, United States",,Producer:Laura Poitras; executive producer:Diane Weyermann; producer:Dirk Wilutzky; Cinematography:Kirsten Johnson; supervising producer: HBO:Sara Bernstein; commissioning editor: NDR:Barbara Biemann; producer:Mathilde Bonnefoy; distribution producer:Brenda Coughlin; co-producer:Kirsten Johnson; field producer:Marcelo Lessa; executive producer:David Menschel; executive producer:Sheila Nevins; executive producer:Tom Quinn; commissioning editor: BR:Sonja Scheider; co-producer:Katy Scoggin; executive producer:Jeff Skoll; executive producer:Steven Soderbergh; Cinematography:Trevor Paglen; Cinematography:Katy Scoggin; Editor:Mathilde Bonnefoy; production executive: NDR:Daniel Buresch,https://citizenfourfilm.com/,US:Prime Video:https://www.amazon.com/gp/video/detail/B0CPGXHSX9/ref=atv_dp; FR:Prime Video:https://www.primevideo.com/detail/0MNOP2T9UIMTDW2PJV1JHXS9DL/ref=atv_dp; CA:Prime Video:https://www.primevideo.com/detail/0STBQ237PBADGLPB73O35ISO4X/ref=atv_dp; FR:Prime Video:https://www.primevideo.com/detail/0MNOP2T9UIMTDW2PJV1JHXS9DL/ref=atv_dp; GB:Apple TV:https://tv.apple.com/gb/movie/citizenfour/umc.cmc.3qfbs2q07d0if6b574qdg2ebl?playableId=tvs.sbd.9001%3A975388486; DE:Prime Video:https://www.amazon.de/gp/video/detail/B00XIAQ33W/ref=atv_dp; AU:Prime Video:https://www.primevideo.com/detail/0SP2AQKINRXRDZNGLSDA3GB8DI/ref=atv_dp; CA:Prime Video:https://www.primevideo.com/detail/0STBQ237PBADGLPB73O35ISO4X/ref=atv_dp; AU:Apple TV:https://tv.apple.com/au/movie/citizenfour/umc.cmc.3qfbs2q07d0if6b574qdg2ebl; CA:Prime Video:https://www.primevideo.com/detail/0STBQ237PBADGLPB73O35ISO4X/ref=atv_dp; FR:Apple TV:https://tv.apple.com/fr/movie/citizenfour/umc.cmc.3qfbs2q07d0if6b574qdg2ebl; US:Prime Video:https://www.amazon.com/gp/video/detail/B0DTL4YBYX/ref=atv_dp; NZ:Prime Video:https://www.primevideo.com/detail/0SP2AQKINRXRDZNGLSDA3GB8DI/ref=atv_dp; US:Apple TV:https://tv.apple.com/us/movie/citizenfour/umc.cmc.3qfbs2q07d0if6b574qdg2ebl; US:Apple TV:https://tv.apple.com/us/movie/citizenfour/umc.cmc.3qfbs2q07d0if6b574qdg2ebl; GB:Prime Video:https://www.amazon.co.uk/gp/video/detail/B01BXE71MG/ref=atv_dp; US:Prime Video:https://www.amazon.com/gp/video/detail/B0CPGXHSX9/ref=atv_dp; GB:Apple TV:https://tv.apple.com/gb/movie/citizenfour/umc.cmc.3qfbs2q07d0if6b574qdg2ebl?playableId=tvs.sbd.9001%3A975388486; IE:Apple TV:https://tv.apple.com/ie/movie/citizenfour/umc.cmc.3qfbs2q07d0if6b574qdg2ebl?playableId=tvs.sbd.9001%3A975388486; NZ:Prime Video:https://www.primevideo.com/detail/0SP2AQKINRXRDZNGLSDA3GB8DI/ref=atv_dp; NZ:Apple TV:https://tv.apple.com/nz/movie/citizenfour/umc.cmc.3qfbs2q07d0if6b574qdg2ebl; NZ:Prime Video:https://www.primevideo.com/detail/0SP2AQKINRXRDZNGLSDA3GB8DI/ref=atv_dp; IE:Apple TV:https://tv.apple.com/ie/movie/citizenfour/umc.cmc.3qfbs2q07d0if6b574qdg2ebl?playableId=tvs.sbd.9001%3A975388486; NZ:Apple TV:https://tv.apple.com/nz/movie/citizenfour/umc.cmc.3qfbs2q07d0if6b574qdg2ebl; US:Tubi:https://tubitv.com/movies/465487/citizenfour; GB:Prime Video:https://www.amazon.co.uk/gp/video/detail/B01BXE71MG/ref=atv_dp; AU:Prime Video:https://www.primevideo.com/detail/0SP2AQKINRXRDZNGLSDA3GB8DI/ref=atv_dp; AU:Apple TV:https://tv.apple.com/au/movie/citizenfour/umc.cmc.3qfbs2q07d0if6b574qdg2ebl; AU:Prime Video:https://www.primevideo.com/detail/0SP2AQKINRXRDZNGLSDA3GB8DI/ref=atv_dp,Sundance:2014:87th Annual Academy Awards - 2014 Sundance Documentary Film Grant:no,"2014:Best Feature - International Documentary Association:; 2014:Best Documentary - Kansas City Film Critics Circle Awards:; 2015:Best Documentary - San Diego Film Critics Society Awards:; 2015:Best Non-Fiction Film - National Society of Film Critics Awards, USA:; 2014:Best Non-Fiction Film - New York Film Critics Circle Awards:; 2015:Outstanding Achievement in Direction - Cinema Eye Honors Awards, US:; 2015:Outstanding Achievement in Editing - Cinema Eye Honors Awards, US:; 2014:Best Documentary Feature Film - Utah Film Critics Association Awards:; 2015:Outstanding Achievement in Production - Cinema Eye Honors Awards, US:; 2014:Best Documentary - Austin Film Critics Association:; 2015:Best Documentary Film - Hollywood Reel Independent Film Festival:; 2015:Outstanding Achievement in Nonfiction Feature Filmmaking - Cinema Eye Honors Awards, US:; 2014:Best Documentary/Non-Fiction Film - Los Angeles Film Critics Association Awards:; 2015:Best Documentary - Film Independent Spirit Awards:; 2014:Best Documentary Feature - Houston Film Critics Society Awards:; 2015:Best Documentary Picture - Online Film & Television Association:; 2015:Female Icon of the Year - Alliance of Women Film Journalists:; 2014:Best Documentary - Detroit Film Critics Society Awards:; 2014:Best Documentary - Iowa Film Critics Awards:; 2015:The Unforgettables - Cinema Eye Honors Awards, US:; 2014:Best Documentary Film - St. Louis Film Critics Association, US:; 2015:Best Documentary, Feature:Academy Awards (Oscars); 2015:Best Documentary:BAFTA; 2015:Best Documentary (Bester Dokumentarfilm) - German Film Awards:; 2015:Best Motion Picture, Documentary - Satellite Awards:; 2015:Palm Springs International Film Festival:; 2014:Best Documentary - Gotham Awards:; 2014:Best Documentary - Dallas-Fort Worth Film Critics Association Awards:; 2015:Outstanding Directorial Achievement in Documentary - Directors Guild of America, USA:; 2014:Exceptional Merit in Documentary Filmmaking - Primetime Emmy Awards:; 2014:Best Documentary - Las Vegas Film Critics Society Awards:; 2015:Documentary of the Year - London Critics Circle Film Awards:; 2015:Santa Barbara International Film Festival:; 2014:Best Documentary - San Francisco Film Critics Circle:; 2014:Documentary - Boston Society of Film Critics Awards:; 2014:Best Documentary Film - North Carolina Film Critics Association:; 2015:Documentary Feature - Gold Derby Awards:; 2014:Best Documentary - Nevada Film Critics Society:; 2014:Women Film Critics Circle Awards:; 2014:Best Documentary Feature Film - Village Voice Film Poll:; 2015:Best Documentary - International Online Cinema Awards (INOCA):; 2015:Best Documentary Feature Film - Alliance of Women Film Journalists:",2015-05-19 04:45:30.683645+00:00,2026-01-07 15:50:25.360375+00:00
462,Climate in Therapy,climate-in-therapy,published,COMPLETED,feature,,,951021,no,https://www.youtube.com/watch?v=2gzr1GX29wM,"climatestoryunit.org, docsociety.org",Climate Story Fund,,United States,,,,,,,2024-01-17 16:11:54.264910+00:00,2026-03-11 16:06:24.093935+00:00
175,Cocaine Prison,cocaine-prison,published,PRODUCTION,feature,2016,,470829,no,https://www.youtube.com/watch?v=talqRXsbnIw,docsociety.org,Bertha Journalism,,Bolivia,gpny2013,Director:Violeta Ayala,,,Toulouse Latin America Film Festival:2018:Best Film:no; Camden International Film Festival:2017:Best Documentary Feature:no,,2015-05-19 04:45:34.677989+00:00,2026-01-07 15:59:41.960510+00:00
179,Cold Case Hammarskjöld,cold-case-hammarskjold,published,COMPLETED,feature,2018,,566061,yes,https://www.youtube.com/watch?v=JZ3isySmVpY,docsociety.org,Bertha Journalism,Society,"South Africa, United States, Zambia",gpeu2016,Director:Mads Brugger,,,Sofia International Film Festival:2020:International Documentary Competition:no; Göteborg Film Festival:2019:Best Nordic Documentary:no; Reykjavik International Film Festival:2019:Best Documentary - A Different Tomorrow:no; Lighthouse International Film Festival:2019:Best Documentary - Jury Award:no; One World International Human Rights Documentary Film Festival:2019:International Competition Program - Best Director Award:no; Biografilm Festival:2019:International Competition - Best Film Unipol Award:no; Munich Film Festival:2019:Best International Film:no; Munich Film Festival:2019:ARRI/OSRAM Award - Special Mention:no; Nordic Docs:2019:Best Feature Documentary (over 60 min) - Best Feature Documentary:no; Greenwich International Film Festival:2019:Documentary Feature Film -  Best Documentary Feature Film:no; Lübeck Nordic Film Days:2019:Best Documentary:no; One World International Human Rights Documentary Film Festival:2019:International Competition Program - The Human Rights Human Wrongs Film Award:no; Cinetopia Film Festival:2019:World Documentary - Audience Award:no; London Film Festival:2019:Documentary Film:no; Sundance:2019:World Cinema - Documentary - Directing Award:no; It's All True - International Documentary Film Festival:2019:International Competition: Best Feature or Medium-Length Documentary - It's All True Trophy:no; Zurich Film Festival:2019:Best International Documentary Film - Golden Eye Award:no; One World International Human Rights Documentary Film Festival:2019:Human Rights Competition - Human Rights Film Award:no; Sundance:2019:World Cinema - Documentary - Grand Jury Prize:no; The Hague Movies that Matter Festival:2019:Camera Justitia international competition programme - Golden Butterfly:no,"2019:Grand Prix Bank Millenium Award:Millennium Docs Against Gravity; 2019:Bydgoszcz ART.DOC Award - Special Mention:Millennium Docs Against Gravity; 2019:Best Nordic Documentary - Oslo Grand Pix:Oslo Pix; 2020:Outstanding Achievement in Direction - Cinema Eye Honors Award:Cinema Eye Honors Awards, US; 2019:Best Documentary - DocsBarcelona TV3 Award:DocsBarcelona, ES; 2019:Best Film - Lux Prize:LUX Prize; 2020:Best Documentary (Årets dokumentarfilm):Danish Film Awards (Robert); 2020:Cinema for Peace Award for Justice - Cinema for Peace Award:Cinema for Peace Awards; 2020:Best International Documentary - Grand Prix:FIPA; 2019:Most Innovative Documentary - Critics' Choice Documentary Award:Critics' Choice Documentary Awards",2015-05-19 04:45:34.774112+00:00,2026-03-04 11:55:55.113633+00:00
524,Collateral Echoes,collateral-echoes,published,PRODUCTION,vr_ar,,,,no,,"bfi.docsociety.org, docsociety.org",BFI Doc Society Production Fund,,United Kingdom,,Producer:Lidz-Ama Appiah; Director:Baff Akoto,,,,,2025-08-05 17:32:12.343565+00:00,2025-11-05 12:21:08.053051+00:00
505,Colors of White Rock,colors-of-white-rock,published,PRODUCTION,feature,,,874510,no,,"climatestoryunit.org, docsociety.org",Climate Story Fund,,Mongolia,,Director & writer:Khoroldorj Choijoovanchig; Producer:Tessa Louise Salomé; Producer:Luc Sorrel; Co-writer:Kate Kennelly; Co-writer:Chantal Perrin,,,,,2025-02-18 23:58:39.611904+00:00,2026-01-07 16:27:10.670154+00:00
256,Complicit (formerly Who Pays the Price),complicit-formerly-who-pays-price,published,COMPLETED,feature,2017,90,446814,no,https://www.youtube.com/watch?v=LBSNToVGHoo,docsociety.org,,"Environment, Human Rights",China,,Director:Heather White ; Director:Lynn Zhang,,,Docudays UA International Documentary Human Rights Film Festival:2018:DOCU/LIFE:no; Docudays UA International Documentary Human Rights Film Festival:2018:DOCU/RIGHTS:no,,2017-04-11 16:46:42.566225+00:00,2026-01-07 16:27:29.325888+00:00
398,Conscious,conscious,published,COMPLETED,feature,2026,,,no,https://www.youtube.com/watch?v=GpXyhENwZPU,"bfi.docsociety.org, docsociety.org",BFI Doc Society Production Fund,,United Kingdom,,Director:Suki Chan; Producer:Aimara Reques; Co-Producer:Gannesh Rajah; Producer:Teresa Grimes,https://www.theconsciousfilm.com/index.html,,CPH:DOX:2026::yes,,2022-03-31 13:29:57.088916+00:00,2026-05-06 12:19:56.303466+00:00
303,Country Girl,country-girl,published,COMPLETED,short,2019,,1024834,no,,"bfi.docsociety.org, docsociety.org",BFI Doc Society: Made of Truth,"Mental Health, Society",United Kingdom,,Producer:Pearl Doughty-White; Director:Ellie Evans,,,,,2019-10-16 13:09:18.698508+00:00,2025-11-05 12:34:02.840828+00:00
537,Cow,cow,published,COMPLETED,feature,2021,,661348,no,https://www.youtube.com/watch?v=NkCXJfdJE5A,docsociety.org,,,United Kingdom,,Producer:Kat Mansoor; Director:Andrea Arnold,,BR:Mubi:https://mubi.com/films/cow-2021; CA:Prime Video:https://www.primevideo.com/detail/0TEZFYEN2J94XGPV80YFAONCJV/ref=atv_dp; CA:Apple TV:https://tv.apple.com/ca/movie/cow/umc.cmc.2wjru6wp5o2gmzct2566cx5cu?playableId=tvs.sbd.9001%3A1612912222; DE:Mubi:https://mubi.com/films/cow-2021; DE:Apple TV:https://tv.apple.com/de/movie/cow/umc.cmc.2wjru6wp5o2gmzct2566cx5cu?playableId=tvs.sbd.9001%3A1609654065; CA:Prime Video:https://www.primevideo.com/detail/0TEZFYEN2J94XGPV80YFAONCJV/ref=atv_dp; CA:Prime Video:https://www.primevideo.com/detail/0TEZFYEN2J94XGPV80YFAONCJV/ref=atv_dp; CA:Apple TV:https://tv.apple.com/ca/movie/cow/umc.cmc.2wjru6wp5o2gmzct2566cx5cu?playableId=tvs.sbd.1000249%3A291527; DE:Prime Video:https://www.amazon.de/gp/video/detail/B09KFQ9DCX/ref=atv_dp; DE:Prime Video:https://www.amazon.de/gp/video/detail/B09KFQ9DCX/ref=atv_dp; DE:Apple TV:https://tv.apple.com/de/movie/cow/umc.cmc.2wjru6wp5o2gmzct2566cx5cu?playableId=tvs.sbd.9001%3A1609654065; DE:Prime Video:https://www.amazon.de/gp/video/detail/B09KFQ9DCX/ref=atv_dp; GB:Apple TV:https://tv.apple.com/gb/movie/cow/umc.cmc.2wjru6wp5o2gmzct2566cx5cu?playableId=tvs.sbd.9001%3A1609654065; BR:Apple TV:https://tv.apple.com/br/movie/cow/umc.cmc.2wjru6wp5o2gmzct2566cx5cu; BR:Prime Video:https://www.primevideo.com/detail/0F9KWO6YOV7799AV6420AGLSJ6/ref=atv_dp; AU:Prime Video:https://www.primevideo.com/detail/0JHANTPQGRBQVWQ0YJGV4Y6RDC/ref=atv_dp; FR:Prime Video:https://www.primevideo.com/detail/0KSECMJARQKWMUBVLD9QY6KOA5/ref=atv_dp; BR:Prime Video:https://www.primevideo.com/detail/0F9KWO6YOV7799AV6420AGLSJ6/ref=atv_dp; FR:Prime Video:https://www.primevideo.com/detail/0KSECMJARQKWMUBVLD9QY6KOA5/ref=atv_dp; GB:Prime Video:https://www.amazon.co.uk/gp/video/detail/B09KFNMFTF/ref=atv_dp; BR:Apple TV:https://tv.apple.com/br/movie/cow/umc.cmc.2wjru6wp5o2gmzct2566cx5cu; BR:Prime Video:https://www.primevideo.com/detail/0F9KWO6YOV7799AV6420AGLSJ6/ref=atv_dp; FR:Prime Video:https://www.primevideo.com/detail/0KSECMJARQKWMUBVLD9QY6KOA5/ref=atv_dp; CA:Mubi:https://mubi.com/films/cow-2021; US:Mubi:https://mubi.com/films/cow-2021; GB:Prime Video:https://www.amazon.co.uk/gp/video/detail/B09KFNMFTF/ref=atv_dp; GB:Apple TV:https://tv.apple.com/gb/movie/cow/umc.cmc.2wjru6wp5o2gmzct2566cx5cu?playableId=tvs.sbd.1000249%3A291527; GB:Prime Video:https://www.amazon.co.uk/gp/video/detail/B09KFNMFTF/ref=atv_dp; US:Prime Video:https://www.amazon.com/gp/video/detail/B09W69MJZ7/ref=atv_dp; IE:Apple TV:https://tv.apple.com/ie/movie/cow/umc.cmc.2wjru6wp5o2gmzct2566cx5cu?playableId=tvs.sbd.9001%3A1609654065; IE:Apple TV:https://tv.apple.com/ie/movie/cow/umc.cmc.2wjru6wp5o2gmzct2566cx5cu?playableId=tvs.sbd.1000249%3A291527; IE:Prime Video:https://www.primevideo.com/detail/0F9KWO6YOV7799AV6420AGLSJ6/ref=atv_dp; IE:Prime Video:https://www.primevideo.com/detail/0F9KWO6YOV7799AV6420AGLSJ6/ref=atv_dp; IE:Mubi:https://mubi.com/films/cow-2021; MX:Prime Video:https://www.primevideo.com/detail/0F9KWO6YOV7799AV6420AGLSJ6/ref=atv_dp; MX:Prime Video:https://www.primevideo.com/detail/0F9KWO6YOV7799AV6420AGLSJ6/ref=atv_dp; MX:Apple TV:https://tv.apple.com/mx/movie/cow/umc.cmc.2wjru6wp5o2gmzct2566cx5cu?playableId=tvs.sbd.9001%3A1609654065; IE:Apple TV:https://tv.apple.com/ie/movie/cow/umc.cmc.2wjru6wp5o2gmzct2566cx5cu?playableId=tvs.sbd.9001%3A1609654065; US:Apple TV:https://tv.apple.com/us/movie/cow/umc.cmc.2wjru6wp5o2gmzct2566cx5cu; US:Prime Video:https://www.amazon.com/gp/video/detail/B09W69MJZ7/ref=atv_dp; US:Apple TV:https://tv.apple.com/us/movie/cow/umc.cmc.2wjru6wp5o2gmzct2566cx5cu; US:Apple TV:https://tv.apple.com/us/movie/cow/umc.cmc.2wjru6wp5o2gmzct2566cx5cu; US:Prime Video:https://www.amazon.com/gp/video/detail/B09W69MJZ7/ref=atv_dp; MX:Prime Video:https://www.primevideo.com/detail/0F9KWO6YOV7799AV6420AGLSJ6/ref=atv_dp; NZ:Prime Video:https://www.primevideo.com/detail/0JHANTPQGRBQVWQ0YJGV4Y6RDC/ref=atv_dp; MX:Apple TV:https://tv.apple.com/mx/movie/cow/umc.cmc.2wjru6wp5o2gmzct2566cx5cu?playableId=tvs.sbd.9001%3A1609654065; MX:Mubi:https://mubi.com/films/cow-2021; CA:Apple TV:https://tv.apple.com/ca/movie/cow/umc.cmc.2wjru6wp5o2gmzct2566cx5cu?playableId=tvs.sbd.9001%3A1612912222; GB:Apple TV:https://tv.apple.com/gb/movie/cow/umc.cmc.2wjru6wp5o2gmzct2566cx5cu?playableId=tvs.sbd.9001%3A1609654065; GB:Mubi:https://mubi.com/films/cow-2021,,,2025-10-21 18:03:57.488048+00:00,2026-01-08 10:57:47.743911+00:00
239,Crater,crater,published,COMPLETED,short,2017,,475862,no,https://www.youtube.com/watch?v=umjmMtC2Ra8,docsociety.org,Pulse Doc Society Genesis,"Art & Culture, Society","Italy, United Kingdom",,"Directors:Luca Bellino, Silvia Luzi",,,,,2016-06-29 10:44:03.819663+00:00,2026-01-08 10:59:28.426873+00:00
199,Crime After Crime,crime-after-crime,published,COMPLETED,short,2011,93,77881,no,https://www.youtube.com/embed/TYbIzXmEodo,docsociety.org,,Justice,United States,gpny2011,Director:Yoav Potash,http://crimeaftercrime.com/,GB:Prime Video:https://www.amazon.co.uk/gp/video/detail/B079WNN3SZ/ref=atv_dp; GB:Prime Video:https://www.amazon.co.uk/gp/video/detail/B079WNN3SZ/ref=atv_dp,,,2015-05-19 04:45:35.196162+00:00,2025-11-05 13:31:01.785485+00:00
477,Cripping Up,cripping-up,published,PRODUCTION,vr_ar,,,,no,,"bfi.docsociety.org, docsociety.org","BFI Doc Society Production Fund, BFI Doc Society: RAD Fund",Disability,United Kingdom,,Producer:Meg Fozzard; Director:Amy Crighton,,,,,2024-07-03 16:59:07.745004+00:00,2026-05-07 10:35:52.249613+00:00
96,Croaked,croaked,published,COMPLETED,short,,,,no,,docsociety.org,,,"Argentina, Chile, Indonesia, Panama",,Director:Lucy Cooke,,,,,2015-05-19 04:45:32.792241+00:00,2025-11-13 11:57:47.295338+00:00
415,Damages (Podcast),damages-podcast,published,COMPLETED,podcast,2023,,,yes,,"climatestoryunit.org, docsociety.org",Climate Story Fund,"Environment, Justice","Guyana, New Zealand, United States",,,,,,,2022-09-08 12:43:08.672643+00:00,2025-11-05 13:47:14.142421+00:00
277,Dark Money,dark-money,published,COMPLETED,feature,2018,99,490780,no,https://www.youtube.com/watch?v=oqhDHLgTJGw,"docsociety.org, thresholdfund.org","Better Futures, Threshold",,United States,,Director:Kimberly Reed; Producer:Katy Chevigny; Producer:Kimberly Reed,https://www.darkmoneyfilm.com,CA:Apple TV:https://tv.apple.com/ca/movie/dark-money/umc.cmc.7a897w4affanruaizqsc5i92h?playableId=tvs.sbd.9001%3A1436784981; US:Prime Video:https://www.amazon.com/gp/video/detail/0Q399Z7ZLCTRBGCYCNTMPB95BP/ref=atv_dp; US:Apple TV:https://tv.apple.com/us/movie/dark-money/umc.cmc.7a897w4affanruaizqsc5i92h; US:Apple TV:https://tv.apple.com/us/movie/dark-money/umc.cmc.7a897w4affanruaizqsc5i92h; US:Prime Video:https://www.amazon.com/gp/video/detail/0Q399Z7ZLCTRBGCYCNTMPB95BP/ref=atv_dp; US:Prime Video:https://www.amazon.com/gp/video/detail/0Q399Z7ZLCTRBGCYCNTMPB95BP/ref=atv_dp; CA:Apple TV:https://tv.apple.com/ca/movie/dark-money/umc.cmc.7a897w4affanruaizqsc5i92h?playableId=tvs.sbd.9001%3A1436784981,Cleveland International Film Festival:2018:ReelWomenDirect Award for Excellence in Directing by a Woman:no; Cleveland International Film Festival:2018:Greg Gund Memorial Standing Up Award:no; Galway Film Fleadh:2019:Best International Feature Documentary - Documentary Award:no; International Documentary Association:2018:Best Feature Documentary - IDA Award:no; Nashville Film Festival:2018:Documentary Competition - Best Documentary Feature:no; Sundance:2018:Documentary - Grand Jury Prize:no; Big Sky Documentary Film Festival:2018:Best Film About the American West - Big Sky Award:no; Omaha Film Festival:2018:Best Documentary - Jury Award:no; Dallas International Film Festival:2018:Documentary Feature - Grand Jury Prize:no; Montclair Film Festival (MFF):2018:New Jersey Films Competition:no; Montclair Film Festival (MFF):2018:David Carr Award for Truth in Non-Fiction Filmmaking:no; Mendocino Film Festival:2018:Best Documentary Feature - Special Jury Award:no,2020:Broadcast News Award - duPont-Columbia Award:Alfred I. duPont-Columbia University Awards; 2018:Best Editing - Critics' Choice Documentary Award:Critics' Choice Documentary Awards; 2018:Best Political Documentary - Critics' Choice Documentary Award:Critics' Choice Documentary Awards; 2018:Best Director - Critics' Choice Documentary Award:Critics' Choice Documentary Awards; 2018:Best Documentary - Critics' Choice Documentary Award:Critics' Choice Documentary Awards,2018-08-20 14:08:55.386858+00:00,2025-11-07 11:29:17.570221+00:00
492,Dear Othermother,dear-othermother,draft,PRODUCTION,short,,,1492136,no,,docsociety.org,BFI Doc Society: Made of Truth,,United Kingdom,,Producer:Honey Crespo; Director:Amber Akaunu,,,,,2024-12-09 15:55:23.754520+00:00,2026-03-04 15:54:56.992978+00:00
534,"DELETE, duplicate: Great Photo, Lovely Life",great-photo-lovely-life,draft,COMPLETED,feature,2023,,1073097,no,https://www.youtube.com/watch?v=EXgPKxxQ8E4,"docsociety.org, thresholdfund.org",Threshold,,"Thailand, United States",,,,,,,2025-10-21 17:15:22.834107+00:00,2026-01-08 11:14:50.802389+00:00
386,Delikado,paradise,published,COMPLETED,short,2022,,956442,yes,https://www.youtube.com/watch?v=eM6pt3L17Bg,"climatestoryunit.org, docsociety.org",Climate Story Fund,Environment,Philippines,,Producer:Marty Syjuco; Director:Karl Malakunas; Producer:Michael Collins; Producer:Kara Magsanoc-Alikpala,,,Sydney Film Festival:2022:Sustainable Future Award:no; Sydney Film Festival:2022:Sustainable Future Award:no; Valladolid International Film Festival:2022:Best Film:no; Hot Docs Canadian International Documentary Festival:2022:Best Documentary:no; Cinema for Peace Awards:2023:International Green Film Award:no; Dokufest International Documentary and Short Film Festival:2022:Green Dox:no; DMZ International Documentary Film Festival:2022:Best Film:no; Riviera International Film Festival:2025:Documentary:no; Riviera International Film Festival:2023:Best Documentary:no,2022:Best Documentary Feature Film:Asia Pacific Screen Awards; 2023:Best Documentary Feature Film:Asia Pacific Screen Awards; 2023:Outstanding Investigative Documentary:Emmy Awards,2021-11-15 11:04:58.519792+00:00,2026-01-08 11:18:39.674267+00:00
181,Dirty Wars,dirty-wars,published,COMPLETED,short,2013,87,159004,no,https://www.youtube.com/embed/6CEIzgV_85c,docsociety.org,Bertha Journalism,,"Afghanistan, Pakistan, Somalia, United States, Yemen","gpeu2013, gpsf2012",Director:Richard Rowley,http://dirtywars.org/,,,2024:CPH:Dox F:Act Award:; 2024:Academy Award Nominee:; 2024:Sundance - Documentary Cinematography Award:,2015-05-19 04:45:34.840996+00:00,2025-11-07 11:45:22.640736+00:00
300,Disclosure,disclosure,published,COMPLETED,feature,2020,,653610,yes,https://www.youtube.com/watch?v=ysbX6JUlaEc,docsociety.org,,"Art & Culture, LGBTQIA+",United States,,Director:Sam Feder; Producer:Amy Scholder; Producer:Sam Feder,,DE:Netflix:https://www.netflix.com/title/81284247/; GB:Netflix:https://www.netflix.com/title/81284247/; BR:Netflix:https://www.netflix.com/title/81284247/; CA:Netflix:https://www.netflix.com/title/81284247/; FR:Netflix:https://www.netflix.com/title/81284247/; AU:Netflix:https://www.netflix.com/title/81284247/; IE:Netflix:https://www.netflix.com/title/81284247/; MX:Netflix:https://www.netflix.com/title/81284247/; NZ:Netflix:https://www.netflix.com/title/81284247/; US:Netflix:https://www.netflix.com/title/81284247/; ZA:Netflix:https://www.netflix.com/title/81284247/,,,2019-04-16 19:47:31.939992+00:00,2026-01-20 17:51:31.980883+00:00
64,Disruption,disruption,published,PRODUCTION,short,,,,no,https://www.youtube.com/watch?v=GZ-UbqadBVM,docsociety.org,,"Activism, Politics, Society","Colombia, Ecuador, Peru",gpny2013,Director:Pamela Yates,,,,,2015-05-19 04:45:31.939380+00:00,2026-01-08 11:27:54.974588+00:00
479,Doppelgängers³,doppelgangers3,published,COMPLETED,feature,2024,,1242408,no,https://vimeo.com/877524583,"bfi.docsociety.org, docsociety.org",BFI Doc Society Production Fund,,"Algeria, Armenia",,Producer:Sandra Leeming; Director:Nelly Ben Hayoun-Stépanian; Producer:Luke W. Moody; Producer:Victoria Adams; Producer:Amina Castaing,,,"Oak Cliff Film Festival:2024:Best Documentary Feature:no; Frameline San Francisco International LGBTQ Film Festival:2024:Best Documentary Film:no; Munich Film Festival:2024:CineRebels Award:no; SXSW Film Festival:2024:eature Documentary, Vision Category:no",,2024-08-08 11:18:46.313945+00:00,2025-11-07 11:54:11.699946+00:00
522,Douglas Gordon by Douglas Gordon,douglas-gordon-by-douglas-gordon,published,PRODUCTION,feature,,,,no,,"bfi.docsociety.org, docsociety.org",BFI Doc Society Production Fund,,Germany,,Producer:Sonja Henrici; DOP:Martin Radich; Editor:Kieran Gosney; Co-Producer:Estelle Robin You; Director:Finlay Pretsell,,,,,2025-08-05 09:02:21.307591+00:00,2025-11-07 11:57:05.807797+00:00
466,Do You See What I See?,do-you-see-what-i-see,published,COMPLETED,short,2024,,1374093,no,,"bfi.docsociety.org, docsociety.org",BFI Doc Society: Made of Truth,Society,United Kingdom,,Director:Ashley Morris; Producer:Selina Mosinski,,,,,2024-03-11 09:38:28.131194+00:00,2025-11-07 11:58:39.282718+00:00
95,Dragonslayer,dragonslayer,published,COMPLETED,feature,2011,74,82935,no,https://www.youtube.com/watch?v=N01y0zKfMsA,docsociety.org,,Art & Culture,United States,,Director:Tristan Patterson,http://dragonslayermovie.com/,US:Fandor:https://www.youtube.com/watch?v=KbXVe30ZzZE; GB:Apple TV:https://tv.apple.com/gb/movie/dragonslayer/umc.cmc.41t4tsljp2d8cs3s7g7o0nvcs?playableId=tvs.sbd.9001%3A1228495785; US:Prime Video:https://www.amazon.com/gp/video/detail/B06ZYV7F5D/ref=atv_dp; AU:Apple TV:https://tv.apple.com/au/movie/dragonslayer/umc.cmc.41t4tsljp2d8cs3s7g7o0nvcs; GB:Apple TV:https://tv.apple.com/gb/movie/dragonslayer/umc.cmc.41t4tsljp2d8cs3s7g7o0nvcs?playableId=tvs.sbd.9001%3A1228495785; US:Apple TV:https://tv.apple.com/us/movie/dragonslayer/umc.cmc.41t4tsljp2d8cs3s7g7o0nvcs; US:Prime Video:https://www.amazon.com/gp/video/detail/B06ZYV7F5D/ref=atv_dp; US:Prime Video:https://www.amazon.com/gp/video/detail/B06ZYV7F5D/ref=atv_dp; US:Apple TV:https://tv.apple.com/us/movie/dragonslayer/umc.cmc.41t4tsljp2d8cs3s7g7o0nvcs,,,2015-05-19 04:45:32.773953+00:00,2026-01-08 12:18:06.402346+00:00
264,Dream State,dream-state,published,PRODUCTION,short,2019,,,no,,docsociety.org,Pulse Doc Society Genesis,Society,United States,,Director:Laura Nix ,,,,,2017-08-25 13:58:49.052078+00:00,2025-11-07 12:02:35.699495+00:00
314,Driver,drive,published,COMPLETED,feature,2024,,1278222,yes,,docsociety.org,Perspective Fund,,United States,,Director:Nesa Azimi; Producer:Nesa Azimi; Producer:Ines Hofmann Kanna; Producer:Nicolas Borel,,,Nashville Film Festival:2024:Best Documentary Feature:no; Ashland Independent Film Festival:2024:Best Documentary:no; Tribeca Film Festival:2024:Best Documentary Feature:no; Middlebury New Filmmakers Festival:2024:Best Documentary Feature:no; Newburyport Documentary Film Festival:2024:Best Feature:no; Centre Film Festival:2024:Best Documentary Feature:no,2024:Newburyport Documentary Film Festival - Best First-Time Filmmaker:,2020-02-12 20:34:51.816108+00:00,2025-11-07 12:05:52.015964+00:00
169,Driving With Selvi,driving-with-selvi,published,COMPLETED,short,2015,73,366863,no,https://www.youtube.com/watch?v=OqER8vQNHQc,docsociety.org,,,India,"gpeu2013, gpmb2013",Director:Elisa Paloschi,http://www.drivingwithselvi.com/,,,,2015-05-19 04:45:34.531789+00:00,2026-01-08 12:33:39.739957+00:00
52,Drum Room,drum-room,published,COMPLETED,short,2008,15,666105,no,https://vimeo.com/169357833?fl=pl&fe=cm,docsociety.org,Foundation,,United Kingdom,,Director:Miranda Pennell,,,,,2015-05-19 04:45:31.723436+00:00,2026-01-08 12:38:15.561647+00:00
491,Electric Waves,static-working-title,published,PRODUCTION,feature,,,,no,,"bfi.docsociety.org, docsociety.org",BFI Doc Society: RAD Fund,,United Kingdom,,Producer:Jacob Swan Hyam; Director:Natalie Cubides-Brady,,,,,2024-09-12 12:59:23.602971+00:00,2026-01-08 13:23:23.664264+00:00
78,El Poeta,el-poeta,published,PRODUCTION,short,,,,no,,docsociety.org,,,Mexico,,Directors:Katie Galloway and Kelly Duane de la Vega,,,,,2015-05-19 04:45:32.407007+00:00,2025-11-13 12:07:55.878469+00:00
369,El Tema (Web Series),el-tema-web-series,published,COMPLETED,feature,2021,,124752,yes,,"climatestoryunit.org, docsociety.org",Climate Story Fund,Environment,Mexico,,Director:Santiago Maza Stern; Producer:Pablo Montaño,,,"SUNCINE, Festival Internacional de Cine del Medio Ambiente:2021:Best Documentary Feature:no; Guadalajara International Film Festival:2021:Film4Climate:no",,2021-11-08 16:47:54.019925+00:00,2025-11-07 12:22:30.065265+00:00
24,Erasing David,erasing-david,published,COMPLETED,feature,2009,80,38409,no,https://www.youtube.com/watch?v=LjaTOfHCjiw,docsociety.org,Foundation,Society,United Kingdom,gpuk2009,Producer:Ashley Jones; Director:David Bond,http://erasingdavid.com/,,,,2015-05-19 04:45:31.205078+00:00,2026-01-08 13:24:10.960780+00:00
326,Eve,eve,published,COMPLETED,short,,,912466,no,https://vimeo.com/521935550?fl=pl&fe=cm,"bfi.docsociety.org, docsociety.org",BFI Doc Society: Made of Truth,"Environment, Society",United Kingdom,,Director:Joya Berrow ; Producer:Orban Wallace; Director:Lucy Jane,,,,,2020-04-08 19:10:21.545986+00:00,2026-01-08 13:46:47.277864+00:00
245,Even When I Fall,even-when-i-fall,published,COMPLETED,short,2017,,486377,no,https://youtu.be/KmMb-RRrtJ8,docsociety.org,,"Art & Culture, Human Rights, Society",Nepal,gpeu2017,"Directors:Sky Neal, Dara McLarnon",http://www.evenwhenifall.com,,,,2016-06-29 13:04:23.373351+00:00,2026-01-12 08:33:15.561767+00:00
53,Every Other Friday,every-other-friday,published,COMPLETED,,2008,8,,no,,docsociety.org,Foundation,,,,:Sam Hunt,,,,,2015-05-19 04:45:31.739012+00:00,2023-07-05 09:35:34.089768+00:00
37,Farewell Song,farewell-song,published,COMPLETED,short,2006,76,1297113,no,https://www.youtube.com/watch?v=-0QMLDuTsGM,docsociety.org,Foundation,,China,,Director:Arthur and Luther Jones,,,,,2015-05-19 04:45:31.448197+00:00,2026-01-12 08:37:46.696687+00:00
343,Fashion Reimagined,fashion-reimagined,published,COMPLETED,short,2022,,965384,yes,https://www.youtube.com/watch?v=_fmwd8Nf1lc,"bfi.docsociety.org, climatestoryunit.org, docsociety.org","BFI Doc Society Production Fund, Climate Story Fund",,United Kingdom,,Producer:Lindsay Lowe; Director:Becky Hutner,,,"Riviera International Film Festival:2023:Best Documentary:no; Hamptons Doc Fest:2022:Environmental Award:no; Rockport Film Festival, US:2022:Best Documentary Feature:no; Woods Hole Film Festival:2022:Best Documentary Feature:no",2022:Best Debut Director - Feature Documentary:British Independent Film Awards; 2023:International Green Film Award:Cinema for Peace Awards,2021-01-27 17:58:04.301154+00:00,2025-11-07 12:44:28.908939+00:00
126,Fatal Assistance,fatal-assistance-ex-haiti-billions-for-a-refoundation,published,COMPLETED,,2014,99,,no,https://www.youtube.com/embed/z2hOI_L4F4A,docsociety.org,,"Human Rights, Politics, Society",,,Director:Raoul Peck,,,,,2015-05-19 04:45:33.384850+00:00,2023-07-05 09:35:34.152027+00:00
32,Fatherland,fatherland,published,COMPLETED,short,2007,,,no,,docsociety.org,Foundation,,Iran,,Director:Taghi Amirani,,,,,2015-05-19 04:45:31.362188+00:00,2025-11-13 12:16:00.462752+00:00
484,F@ck This Job,fck-this-job,published,COMPLETED,feature,2021,,808289,no,https://www.youtube.com/watch?v=yMig0MZlX_Y,docsociety.org,Better Futures,,Russia,,,,GB:Prime Video:https://www.amazon.co.uk/gp/video/detail/B0C6X2QTKM/ref=atv_dp; GB:Prime Video:https://www.amazon.co.uk/gp/video/detail/B0C6X2QTKM/ref=atv_dp; CA:Apple TV:https://tv.apple.com/ca/movie/fck-this-job/umc.cmc.1lbpf4thujw1pt2oc4osvvxt?playableId=tvs.sbd.9001%3A1614399288; NZ:Apple TV:https://tv.apple.com/nz/movie/fck-this-job/umc.cmc.1lbpf4thujw1pt2oc4osvvxt; AU:Apple TV:https://tv.apple.com/au/movie/fck-this-job/umc.cmc.1lbpf4thujw1pt2oc4osvvxt; AU:Apple TV:https://tv.apple.com/au/movie/fck-this-job/umc.cmc.1lbpf4thujw1pt2oc4osvvxt; IE:Apple TV:https://tv.apple.com/ie/movie/f-this-job/umc.cmc.1lbpf4thujw1pt2oc4osvvxt?playableId=tvs.sbd.9001%3A1614399288; US:Zee5:https://www.zee5.com/global/movies/details/f-ck-this-job/0-0-1z5472978; IE:Apple TV:https://tv.apple.com/ie/movie/f-this-job/umc.cmc.1lbpf4thujw1pt2oc4osvvxt?playableId=tvs.sbd.9001%3A1614399288; ZA:Apple TV:https://tv.apple.com/za/movie/fck-this-job/umc.cmc.1lbpf4thujw1pt2oc4osvvxt; NZ:Apple TV:https://tv.apple.com/nz/movie/fck-this-job/umc.cmc.1lbpf4thujw1pt2oc4osvvxt; ZA:Apple TV:https://tv.apple.com/za/movie/fck-this-job/umc.cmc.1lbpf4thujw1pt2oc4osvvxt; CA:Apple TV:https://tv.apple.com/ca/movie/fck-this-job/umc.cmc.1lbpf4thujw1pt2oc4osvvxt?playableId=tvs.sbd.9001%3A1614399288,Thessaloniki Documentary Film Festival:2021:Human Rights Section:no; Dock Film Festival:2022:Official Competition Program:no; Russian Guild of Film Critics:2022:Best Documentary:no; Warsaw International Film Festival:2021:Human Rights Section:no; Russian Guild of Film Critics:2021:Best Feature Documentary:no,2021:Best TV movie:Laurel branch,2024-08-08 22:28:56.214235+00:00,2026-01-12 09:03:01.690049+00:00
354,Finding ‘Appiness,finding-appiness,published,PRODUCTION,short,,,1032209,no,https://www.youtube.com/watch?v=vCoSOmqm_w4,"bfi.docsociety.org, docsociety.org",BFI Doc Society: Made of Truth,"Identity, LGBTQIA+, Society","United Kingdom, United States",,Producer:Scott Bradley; Director:Natasha Hawthornthwaite,,,,,2021-04-30 11:02:39.089356+00:00,2026-01-12 09:05:42.223428+00:00
499,Finding You,finding-you,published,PRODUCTION,short,,,,no,,"bfi.docsociety.org, docsociety.org",BFI Doc Society: Made of Truth,,United Kingdom,,Producer:Rosie McNally; Director:Fionnuala McCormack,,,,,2024-12-10 14:28:25.270422+00:00,2025-11-07 13:02:26.570585+00:00
82,Fireflies in the Abyss,fireflies-in-the-abyss,published,PRODUCTION,short,,,376988,no,https://www.youtube.com/watch?v=7xT-qowlGiE,docsociety.org,,,"India, Nepal",gpmb2013,Director Writer:Chandrasekhar Reddy,,,,,2015-05-19 04:45:32.501069+00:00,2026-01-12 09:08:29.361393+00:00
506,"Fire, Water, Earth, Air",fire-water-earth-air,published,PRODUCTION,feature,,,,no,,"climatestoryunit.org, docsociety.org",Climate Story Fund,,"Denmark, Norway, Sweden",,Director:Phie Ambo; Director:Ewa Cederstam; Director:Janne Lindgren; Director:Rogue Rasmussen; Producer:Rikke Tambo Andersen,,,,,2025-02-24 14:25:51.711720+00:00,2025-11-07 13:07:35.099610+00:00
411,Fishtown,fishtown,draft,PRODUCTION,short,,,,no,,docsociety.org,BFI Doc Society: Made of Truth,,United Kingdom,,Director:Tom Loan; Producer:Emma Norton,,,,,2022-03-31 15:52:09.699262+00:00,2026-03-05 14:06:45.009626+00:00
517,Flotsam,flotsam,published,PRODUCTION,feature,,,,no,,"bfi.docsociety.org, docsociety.org",BFI Doc Society Production Fund,"Activism, Environment",Kazakhstan,,Director:Isa Rao; Producer:Nadira Murray; Producer:John Archer; Exec Producer:Dani Carlaw; Exec Producer:Mark Thomas; Editor:Kieran Gosney; Director of Photography:Kasparas Vidunas,,,,,2025-07-29 09:47:06.853106+00:00,2025-11-10 13:12:35.078791+00:00
430,Folk,folk,published,PRODUCTION,short,2023,,,no,,"bfi.docsociety.org, docsociety.org",BFI Doc Society: Made of Truth,Identity,"Canada, Hungary",,Director:Noemi Varga; Producer:Laura Shachum,,,,,2022-11-17 15:56:38.211526+00:00,2025-11-10 13:15:55.341839+00:00
207,Food Chains,food-chains,published,COMPLETED,short,,,292539,no,https://www.youtube.com/watch?v=huIPABWqN8k,docsociety.org,,"Activism, Environment, Human Rights",United States,,Director:Sanjay Rawal,,,,,2015-07-03 09:38:18.626439+00:00,2026-01-12 09:13:39.937476+00:00
236,Forever Pure,forever-pure,published,PRODUCTION,short,,,411014,no,https://www.youtube.com/watch?v=ABcmWr3wjsI,docsociety.org,Liminal Fund,Society,Israel,,Director:Maya Zinshtein,http://www.foreverpurefilm.com,NZ:Apple TV:https://tv.apple.com/nz/movie/forever-pure/umc.cmc.5fo0g50uk4b6guby23w5c2dop?playableId=tvs.sbd.9001%3A1260661090; NZ:Apple TV:https://tv.apple.com/nz/movie/forever-pure/umc.cmc.5fo0g50uk4b6guby23w5c2dop?playableId=tvs.sbd.9001%3A1260661090; CA:Apple TV:https://tv.apple.com/ca/movie/forever-pure/umc.cmc.5fo0g50uk4b6guby23w5c2dop?playableId=tvs.sbd.9001%3A1260661090; GB:Apple TV:https://tv.apple.com/gb/movie/forever-pure/umc.cmc.5fo0g50uk4b6guby23w5c2dop?playableId=tvs.sbd.9001%3A1260661090; AU:Apple TV:https://tv.apple.com/au/movie/forever-pure/umc.cmc.5fo0g50uk4b6guby23w5c2dop?playableId=tvs.sbd.9001%3A1260661090; IE:Apple TV:https://tv.apple.com/ie/movie/forever-pure/umc.cmc.5fo0g50uk4b6guby23w5c2dop?playableId=tvs.sbd.9001%3A1260661090; GB:Apple TV:https://tv.apple.com/gb/movie/forever-pure/umc.cmc.5fo0g50uk4b6guby23w5c2dop?playableId=tvs.sbd.9001%3A1260661090; AU:Apple TV:https://tv.apple.com/au/movie/forever-pure/umc.cmc.5fo0g50uk4b6guby23w5c2dop?playableId=tvs.sbd.9001%3A1260661090; IE:Apple TV:https://tv.apple.com/ie/movie/forever-pure/umc.cmc.5fo0g50uk4b6guby23w5c2dop?playableId=tvs.sbd.9001%3A1260661090; CA:Apple TV:https://tv.apple.com/ca/movie/forever-pure/umc.cmc.5fo0g50uk4b6guby23w5c2dop?playableId=tvs.sbd.9001%3A1260661090; US:Apple TV:https://tv.apple.com/us/movie/forever-pure/umc.cmc.5fo0g50uk4b6guby23w5c2dop?playableId=tvs.sbd.9001%3A1260661090; US:Apple TV:https://tv.apple.com/us/movie/forever-pure/umc.cmc.5fo0g50uk4b6guby23w5c2dop?playableId=tvs.sbd.9001%3A1260661090,,,2016-06-29 10:18:50.456392+00:00,2026-01-12 09:13:39.138614+00:00
222,Forgiveness,forgiveness,published,PRODUCTION,,,,,no,,docsociety.org,"Foundation, Liminal Fund",Society,,,Director:Elizabeth Stopford; Producer:Nicole Stott,,,,,2015-12-02 10:52:45.410591+00:00,2023-07-05 09:35:34.348607+00:00
489,Freedom Dreaming (Working title),freedom-dreaming-working-title,published,PRODUCTION,feature,,,1462375,no,https://www.youtube.com/watch?v=3VADcHhX8vo,"bfi.docsociety.org, docsociety.org",BFI Doc Society: RAD Fund,,United Kingdom,,Director:Rhea Storr,,,,,2024-08-28 13:22:52.459539+00:00,2026-01-12 09:16:45.744780+00:00
156,Freedom Summer,freedom-summer,published,COMPLETED,short,2014,113,250722,no,https://www.youtube.com/embed/2gYKcZCWv-w,docsociety.org,,"Activism, Human Rights, Society",United States,,Director:Stanley Nelson,,,,,2015-05-19 04:45:34.028623+00:00,2025-11-10 14:30:29.022511+00:00
424,Frontier Town,frontier-town,published,PRODUCTION,short,2023,,1295078,no,https://www.youtube.com/watch?v=PEW0OxCr3pk,"bfi.docsociety.org, docsociety.org",BFI Doc Society: Made of Truth,"Environment, Society",United Kingdom,,Director:Theo Tennant; Producer:Alice Hughes; Director:Tom Tennant,,,,,2022-11-17 14:48:01.856501+00:00,2026-01-12 09:19:40.097878+00:00
196,Gasland Part 2,gasland,published,COMPLETED,short,2013,125,174322,no,https://www.youtube.com/embed/dzx7UXzK_z4,docsociety.org,,Environment,United States,,Director:Josh Fox;,http://www.gaslandthemovie.com/,,,,2015-05-19 04:45:35.129369+00:00,2025-11-13 12:27:22.548883+00:00
281,Gather,gather,published,PRODUCTION,short,,,714945,yes,https://www.youtube.com/watch?v=jQLTPbOsmQQ,"docsociety.org, thresholdfund.org",Threshold,,United States,,Director:Sanjay Rawal; DP:Renan Ozturk; Consulting Producer:Sterlin Harjo; Producer:Tanya Meiller,,,,,2018-09-24 19:54:39.281674+00:00,2026-01-12 09:20:55.027273+00:00
76,Generation Food,generation-food,published,PRODUCTION,short,,,,no,https://www.youtube.com/watch?v=evoFFHsB3pU,docsociety.org,,Environment,"India, Malawi, Peru, United States",,Director:Steve James,,,,,2015-05-19 04:45:32.366162+00:00,2026-01-12 09:22:51.798751+00:00
162,Ghosts in Our Machine,ghosts-in-our-machine,published,COMPLETED,short,2013,92,181454,no,https://www.youtube.com/watch?v=sHPk9qEgKZw,docsociety.org,,"Activism, Environment","Canada, United States",,Director:Liz Marshall,http://www.theghostsinourmachine.com/,,,,2015-05-19 04:45:34.270100+00:00,2026-01-12 09:23:12.266746+00:00
171,Gideon’s Army,gideons-army,published,COMPLETED,short,2013,96,159005,no,https://www.youtube.com/embed/P3NFLeoyA4o,docsociety.org,,,United States,gpny2011,Director:Dawn Porter,http://gideonsarmythefilm.com/,,,,2015-05-19 04:45:34.573780+00:00,2025-11-10 15:14:18.148624+00:00
75,GITI  - The Paradise of the Hell,giti-the-paradise-of-the-hell,published,PRODUCTION,short,,,,no,,docsociety.org,,,Rwanda,,Director:Yves Montand Niyongabo,,,,,2015-05-19 04:45:32.321610+00:00,2025-11-13 12:28:40.792966+00:00
195,Give Up Tomorrow,give-up-tomorrow,published,COMPLETED,short,2011,90,115166,no,https://www.youtube.com/watch?v=KXaN6bAj74w,docsociety.org,,"Human Rights, Justice",Philippines,tribeca2010,,http://www.pacodocu.com/,,,,2015-05-19 04:45:35.113405+00:00,2026-01-12 09:27:03.526892+00:00
174,God Loves Uganda,god-loves-uganda,published,COMPLETED,short,2013,83,159006,no,https://www.youtube.com/embed/ims7_3wud7A,docsociety.org,,LGBTQIA+,Uganda,gpsf2011,Director:Roger Ross Williams; Director:RaMell Ross ,http://www.godlovesuganda.com/,,,,2015-05-19 04:45:34.635186+00:00,2025-11-10 15:22:43.542402+00:00
267,Going to Mars: The Nikki Giovanni Project,going-mars,published,COMPLETED,feature,2023,,1058650,no,https://www.youtube.com/watch?v=kyb3NV1U9SA,docsociety.org,Threshold,"Activism, Art & Culture, LGBTQIA+",United States,,Director:Michele Stephenson & Joe Brewster ,,,Seattle Queer Film Festival:2023:Best Documentary Film - Grand Jury Prize:no; Ashland Independent Film Festival:2023:Rogue Award - Rogue Award:no; Virginia Film Festival:2023:Changemaker Award:no; Fort Worth Gay and Lesbian International Film Festival:2023:Best Documentary - Jury Award:no; Fort Worth Gay and Lesbian International Film Festival:2023:Audience Award - Audience Award:no; Rochester ImageOut:2023:Best Documentary Film - Jury Award:no; DOC NYC:2023:Short List: Features - Editing Award:no; GALECA: The Society of LGBTQ Entertainment Critics:2024:LGBTQ Documentary of the Year:no; Indie Memphis Film Festival:2023:Best Documentary Feature:no; Frameline San Francisco International LGBTQ Film Festival:2023:Outstanding Documentary Feature - Jury Prize:no; Trinidad and Tobago Film Festival:2023:Best Documentary - Festival Prize:no; Blackstar Film Festival:2023:Best Feature Documentary - Audience Award:no; Denver Film Festival:2023:Best Documentary - Maysles Brothers Award:no; Freep Film Festival:2023:Best of Festival - Freep Film Festival Award:no,"2024:Best Documentary - Independent Spirit Award:Film Independent Spirit Awards; 2023:Best Feature Documentary - IDA Award:International Documentary Association; 2023:Best Original Music Score - IDA Award:International Documentary Association; 2024:The Unforgettables - Cinema Eye Honors Award:Cinema Eye Honors Awards, US; 2024:Outstanding Achievement in Nonfiction Feature Filmmaking:Cinema Eye Honors Awards, US; 2024:Exceptional Merit in Documentary Filmmaking - Primetime Emmy:Emmy Awards; 2024:Outstanding Achievement in Visual Design:Cinema Eye Honors Awards, US; 2024:Outstanding Achievement in Original Music Score:Cinema Eye Honors Awards, US; 2023:Best Biographical Documentary - Critics' Choice Documentary Award:Critics' Choice Documentary Awards; 2024:Best Use of Footage in an Arts & Entertainment Production:FOCAL International Awards",2017-10-24 12:06:20.266757+00:00,2026-01-20 17:49:03.647642+00:00
409,Grand Theft Hamlet,undiscovered-country,published,COMPLETED,feature,2024,,1234397,no,https://www.youtube.com/watch?v=g1mufiI88kc,"bfi.docsociety.org, docsociety.org",BFI Doc Society: Made of Truth,,"United Kingdom, United States",,Director:Sam Crane; Director:Pinny Grylls; Producer:Julia Ton; Producer:Rebecca Wolff,,FR:Prime Video:https://www.primevideo.com/detail/0T8EZCPC8CUN6AP9XGXDB6UWP4/ref=atv_dp; BR:Mubi:https://mubi.com/films/grand-theft-hamlet; CA:Mubi:https://mubi.com/films/grand-theft-hamlet; GB:Mubi:https://mubi.com/films/grand-theft-hamlet; IE:Mubi:https://mubi.com/films/grand-theft-hamlet; DE:Mubi:https://mubi.com/films/grand-theft-hamlet; FR:Mubi:https://mubi.com/films/grand-theft-hamlet; MX:Mubi:https://mubi.com/films/grand-theft-hamlet; MX:Prime Video:https://www.primevideo.com/detail/0T8EZCPC8CUN6AP9XGXDB6UWP4/ref=atv_dp; US:Mubi:https://mubi.com/films/grand-theft-hamlet; ZA:Mubi:https://mubi.com/films/grand-theft-hamlet; NZ:Mubi:https://mubi.com/films/grand-theft-hamlet; BR:Prime Video:https://www.primevideo.com/detail/0T8EZCPC8CUN6AP9XGXDB6UWP4/ref=atv_dp; AU:Apple TV:https://tv.apple.com/au/movie/grand-theft-hamlet/umc.cmc.2oqn1o20hz06rzzho7kmsyuan?playableId=tvs.sbd.1000249%3A402447; FR:Apple TV:https://tv.apple.com/fr/movie/grand-theft-hamlet/umc.cmc.2oqn1o20hz06rzzho7kmsyuan?playableId=tvs.sbd.1000249%3A402447; GB:Apple TV:https://tv.apple.com/gb/movie/grand-theft-hamlet/umc.cmc.2oqn1o20hz06rzzho7kmsyuan?playableId=tvs.sbd.1000249%3A402447; AU:Mubi:https://mubi.com/films/grand-theft-hamlet; CA:Apple TV:https://tv.apple.com/ca/movie/grand-theft-hamlet/umc.cmc.2oqn1o20hz06rzzho7kmsyuan?playableId=tvs.sbd.1000249%3A402447; GB:Prime Video:https://www.amazon.co.uk/gp/video/detail/B0DL17Q36L/ref=atv_dp; IE:Apple TV:https://tv.apple.com/ie/movie/grand-theft-hamlet/umc.cmc.2oqn1o20hz06rzzho7kmsyuan?playableId=tvs.sbd.1000249%3A402447; NZ:Apple TV:https://tv.apple.com/nz/movie/grand-theft-hamlet/umc.cmc.2oqn1o20hz06rzzho7kmsyuan?playableId=tvs.sbd.1000249%3A402447; US:Apple TV:https://tv.apple.com/us/movie/grand-theft-hamlet/umc.cmc.2oqn1o20hz06rzzho7kmsyuan?playableId=tvs.sbd.1000249%3A402447,SXSW:2024:Grand Jury Award for Best Documentary:yes; BFI London Film Festival:2024::yes,2024:Best Debut Director – Feature Documentary:BIFA; 2024:Raindance Maverick Award:BIFA; 2025:Best First Documentary Feature:Critics' Choice Documentary Awards; 2025:Documentary of the Year:London Critics Circle Film Awards,2022-03-31 15:22:13.993936+00:00,2026-03-18 15:58:37.357729+00:00
337,"Great Photo, Lovely Life",untitled-amanda-mustard-project,published,COMPLETED,feature,2023,,1073097,yes,https://www.youtube.com/watch?v=EXgPKxxQ8E4,"docsociety.org, thresholdfund.org",Threshold,,United States,,Director:Amanda Mustard; Co-Director:Rachel Beth Anderson ,,,,,2020-11-25 20:09:08.756922+00:00,2026-01-08 11:15:16.917763+00:00
370,Greener Pastures,greener-pastures,published,PRODUCTION,short,,,1111902,no,https://www.youtube.com/watch?v=GaV_0vxWkl4,"climatestoryunit.org, docsociety.org",Climate Story Fund,Environment,United States,,Producer:Ian Robertson Kibbe; Director:Sam Mirpoorian,,,,,2021-11-08 16:58:31.023800+00:00,2026-01-12 09:31:50.449917+00:00
404,Grenfell: Phoenix From the Ashes,grenfell-phoenix-ashes,published,PRODUCTION,feature,,,,no,,"bfi.docsociety.org, docsociety.org",BFI Doc Society Production Fund,,,,Director:Wyn Baptiste; Director:Dom Asbridge; Producer:Kate Buckley,,,,,2022-03-31 13:55:43.388654+00:00,2025-11-03 13:01:24.267906+00:00
507,Guardians of the River,guardians-of-the-river,published,PRODUCTION,feature,,,,no,https://www.youtube.com/watch?v=wyPqHUXTlqY,"climatestoryunit.org, docsociety.org",Climate Story Fund,,Papua New Guinea,,Director:Lachlan McLeod; Director:Matasila Freshwater; Producer:Kerry Warkia; Producer:David Elliot-Jones; Producer:Maria Tanner; Producer:Emmanuel Peni,,,,,2025-02-24 16:07:12.024736+00:00,2026-01-12 09:33:53.823761+00:00
34,Guca,guca,published,COMPLETED,short,2006,71,,no,https://www.youtube.com/watch?v=7YZGpuCB4iE,docsociety.org,Foundation,,Serbia,,Director:Milivoj Ilic,,,,,2015-05-19 04:45:31.395661+00:00,2026-01-12 09:35:06.298968+00:00
15,Guilty Pleasures,guilty-pleasures,published,COMPLETED,short,2010,86,411447,no,https://www.youtube.com/watch?v=cwIwgNOCRHI,docsociety.org,Foundation,Art & Culture,"India, Japan, United Kingdom, United States",,Director:Julie Moggan,,,,,2015-05-19 04:45:31.043354+00:00,2026-01-12 09:37:36.544209+00:00
59,H2NY,h2ny,published,COMPLETED,short,2009,27,,no,,docsociety.org,Foundation,,United States,,Director:Michael Landy,,,,,2015-05-19 04:45:31.843450+00:00,2025-11-13 12:30:41.142593+00:00
56,Hackney Fandango,hackney-fandango,published,COMPLETED,short,2008,11,,no,,docsociety.org,Foundation,,United Kingdom,,Director:Tom Hunter,,,,,2015-05-19 04:45:31.790881+00:00,2025-11-13 12:31:26.258451+00:00
259,"Hale County This Morning, This Evening",hale-count-morning-evening,published,COMPLETED,feature,2018,,490785,yes,https://www.youtube.com/watch?v=DlOeSyl-zZk,"docsociety.org, thresholdfund.org",Threshold,Society,United States,,Director:RaMell Ross ; Producer:Joslyn Barnes ,,,"Directors Guild of America, USA:2019:Outstanding Directorial Achievement in Documentary - DGA Award:no; International Documentary Association:2018:Best Editing - Creative Recognition Award:no; International Documentary Association:2018:Best Music - Creative Recognition Award:no; International Documentary Association:2018:Best Feature Documentary - IDA Award:no; Frameline San Francisco International LGBTQ Film Festival:2018:Documentary - Golden Gate Award:no; Sundance:2018:Documentary - Grand Jury Prize:no; Sundance:2018:Documentary - Special Jury Prize:no; Sarasota Film Festival:2018:Best Documentary Feature - Jury Prize:no; Sheffield International Documentary Festival:2018:Best Documentary - Grand Jury Award:no; Camden International Film Festival:2018:John Marshall Award - John Marshall Award:no; Champs-Élysées Film Festival:2018:Longs métrages américains:no; Milwaukee Film Festival:2018:Hertzfeld Competition Award:no; Bildrausch Filmfest Basel:2018:Best Documentary:no; Montclair Film Festival (MFF):2018:Bruce Sinofsky Prize for Documentary Feature:no; Indie Memphis Film Festival:2018:Best Documentary Feature:no; Indie Memphis Film Festival:2018:Special Jury Award for Best Documentary Feature:no; Montreal International Documentary Festival (RIDM):2018:International Feature Competition - Grand Prize:no; Americana Film Fest:2019:Docs - Audience Award:no; Cork International Film Festival:2018:Gradam na Féile do Scannáin Faisnéise (Cinematic Documentary Award):no; Full Frame Documentary Film Festival:2018:Reva and David Logan Grand Jury Award:no","2019:Exceptional Merit in Documentary Filmmaking - Primetime Emmy:Emmy Awards; 2018:Best Documentary - Gotham Independent Film Award:Gotham Awards; 2018:Audience Award:Gotham Awards; 2019:Best Documentary - Independent Spirit Award:Film Independent Spirit Awards; 2019:Truer Than Fiction Award:Film Independent Spirit Awards; 2020:Documentary - Peabody Award:Peabody Awards; 2019:Outstanding Documentary - Black Reel:Black Reel Awards; 2018:DOX:AWARD - CPH:DOX Award:CPH:DOX; 2019:Outstanding Achievement in Cinematography:Cinema Eye Honors Awards, US; 2019:Outstanding Achievement in Editing:Cinema Eye Honors Awards, US; 2019:Outstanding Achievement in a Debut Feature Film:Cinema Eye Honors Awards, US; 2019:Outstanding Achievement in Direction:Cinema Eye Honors Awards, US; 2019:Best Documentary:International Cinephile Society Awards; 2019:Best Editing:International Cinephile Society Awards; 2018:Best Documentary:Indiewire Critics' Poll; 2019:Best Documentary Feature - Oscar:Academy Awards, USA; 2019:Outstanding Achievement in Nonfiction Feature Filmmaking:Cinema Eye Honors Awards, US",2017-04-26 13:58:53.637663+00:00,2026-01-13 17:07:25.646701+00:00
355,Hanging On,hanging,published,COMPLETED,short,2021,,835884,no,https://www.youtube.com/watch?v=0EhmEvVZ7qc,"bfi.docsociety.org, docsociety.org",BFI Doc Society: Made of Truth,"Human Rights, Justice, Politics, Society",United Kingdom,,Producer:Hollie Bryan; Director:Alfie Barker,,,Toronto International Film Festival:2021:IMDbPro Short Cuts Award for Best Film:no; Encounters International Film Festival:2021:Best of British Award:no; Encounters International Film Festival:2021:UK Audience Award:no; DocAviv Film Festival:2022:Best Short Film:no; Aesthetica Short Film Festival:2022:Best in Festival:no; Aesthetica Short Film Festival:2022:Best Documentary Short:no; Berlin Interfilm Festival:2021:International Competition:no,2022:Best Short Film Award:Millennium Docs Against Gravity,2021-04-30 11:13:36.368753+00:00,2026-01-13 17:07:41.222860+00:00
514,Harder Than The Rock,harder-than-the-rock,published,COMPLETED,feature,2024,,1183766,no,https://www.youtube.com/watch?v=gqBBgUtL0do,"bfi.docsociety.org, docsociety.org",BFI Doc Society Production Fund,Art & Culture,United Kingdom,,Director:Mark Warmington; Producer:James Baxter,,,,,2025-07-24 15:11:44.604953+00:00,2026-01-13 17:11:38.961227+00:00
325,Hattie,hattie,published,COMPLETED,short,2019,,1461036,no,,"bfi.docsociety.org, docsociety.org",BFI Doc Society: Made of Truth,"Identity, Society",United Kingdom,,Producer:Fleur Nieddu; Director:Tryo Heath,,,,,2020-04-08 18:48:32.505637+00:00,2025-11-10 16:34:35.111142+00:00
518,Hear My Voices,hearing-voices-group,published,PRODUCTION,feature,,,,no,,"bfi.docsociety.org, docsociety.org",BFI Doc Society Production Fund,Mental Health,United Kingdom,,Director:Leo Regan; Producer:Isabel Freer; Producer:Kwesi Dickson; Producer:Róisín Geraghty,,,,,2025-07-29 11:10:11.481038+00:00,2025-11-11 09:20:39.377076+00:00
38,Heavy Water - A Film for Chernobyl,heavy-water-a-film-for-chernobyl,published,COMPLETED,feature,2006,56,323121,no,https://www.youtube.com/embed/eSoMJhhIFBo,docsociety.org,Foundation,,Ukraine,,,,,,,2015-05-19 04:45:31.465528+00:00,2025-11-11 09:26:47.447609+00:00
10,Hell & Back Again,hell-back-again,published,COMPLETED,feature,2011,88,74310,no,https://www.youtube.com/watch?v=vk9cktPBzRE,docsociety.org,Foundation,"Health, Society","Afghanistan, United States",silverdocs2010,Director:Danfung Dennis,http://www.hellandbackagain.com/,GB:Apple TV:https://tv.apple.com/gb/movie/hell-and-back-again/umc.cmc.tyrry0rmooscwn9jukr3m54v?playableId=tvs.sbd.9001%3A1186810644; CA:Tubi:https://tubitv.com/movies/312537/hell-and-back-again; IE:Apple TV:https://tv.apple.com/ie/movie/hell-and-back-again/umc.cmc.tyrry0rmooscwn9jukr3m54v?playableId=tvs.sbd.9001%3A1186810644; GB:Apple TV:https://tv.apple.com/gb/movie/hell-and-back-again/umc.cmc.tyrry0rmooscwn9jukr3m54v?playableId=tvs.sbd.9001%3A1186810644; NZ:Prime Video:https://www.primevideo.com/detail/0QFLW00PV58RPFO56C4C3I97N0/ref=atv_dp; NZ:Prime Video:https://www.primevideo.com/detail/0QFLW00PV58RPFO56C4C3I97N0/ref=atv_dp; NZ:Prime Video:https://www.primevideo.com/detail/0QFLW00PV58RPFO56C4C3I97N0/ref=atv_dp; AU:Prime Video:https://www.primevideo.com/detail/0QFLW00PV58RPFO56C4C3I97N0/ref=atv_dp; US:Apple TV:https://tv.apple.com/us/movie/hell-and-back-again/umc.cmc.tyrry0rmooscwn9jukr3m54v; CA:Apple TV:https://tv.apple.com/ca/movie/hell-and-back-again/umc.cmc.tyrry0rmooscwn9jukr3m54v?playableId=tvs.sbd.9001%3A486660648; FR:Apple TV:https://tv.apple.com/fr/movie/hell-and-back-again/umc.cmc.tyrry0rmooscwn9jukr3m54v; IE:Apple TV:https://tv.apple.com/ie/movie/hell-and-back-again/umc.cmc.tyrry0rmooscwn9jukr3m54v?playableId=tvs.sbd.9001%3A1186810644; MX:Tubi:https://tubitv.com/movies/312537/hell-and-back-again; NZ:Tubi:https://tubitv.com/movies/312537/hell-and-back-again; US:Apple TV:https://tv.apple.com/us/movie/hell-and-back-again/umc.cmc.tyrry0rmooscwn9jukr3m54v; US:Prime Video:https://www.amazon.com/gp/video/detail/B00715QMDQ/ref=atv_dp; US:Prime Video:https://www.amazon.com/gp/video/detail/B00715QMDQ/ref=atv_dp; US:Tubi:https://tubitv.com/movies/312537/hell-and-back-again; AU:Prime Video:https://www.primevideo.com/detail/0QFLW00PV58RPFO56C4C3I97N0/ref=atv_dp; AU:Apple TV:https://tv.apple.com/au/movie/hell-and-back-again/umc.cmc.tyrry0rmooscwn9jukr3m54v?playableId=tvs.sbd.9001%3A735050523; AU:Apple TV:https://tv.apple.com/au/movie/hell-and-back-again/umc.cmc.tyrry0rmooscwn9jukr3m54v?playableId=tvs.sbd.9001%3A735050523; AU:Tubi:https://tubitv.com/movies/312537/hell-and-back-again; US:Prime Video:https://www.amazon.com/gp/video/detail/B00715QMDQ/ref=atv_dp; CA:Apple TV:https://tv.apple.com/ca/movie/hell-and-back-again/umc.cmc.tyrry0rmooscwn9jukr3m54v?playableId=tvs.sbd.9001%3A486660648,,2024:Sundance - World Cinema Grand Jury Prize: Documentary:; 2024:Sundance - World Cinema Cinematography Award:; 2024:Academy Award Nomination - Best Documentary Feature:; 2024:Grierson Award Best Documentary:,2015-05-19 04:45:30.955761+00:00,2026-01-13 17:35:00.082264+00:00
286,"Hello, Stranger",hello-stranger,published,PRODUCTION,feature,,,,yes,,"bfi.docsociety.org, docsociety.org",BFI Doc Society Production Fund,"Mental Health, Society",United Kingdom,,"Producer:Beryl Richards, Alex Usborne ; Director:Beryl Richards ",,,,,2018-11-26 15:20:07.371063+00:00,2025-11-11 09:37:44.880524+00:00
127,Heralds from the Big World,heralds-from-the-big-world,published,PRODUCTION,short,,,,no,,docsociety.org,,,Russia,,Director:Tatyana Soboleva,,,,,2015-05-19 04:45:33.404502+00:00,2025-11-11 09:40:08.543796+00:00
19,Here's Johnny,heres-johnny,published,COMPLETED,short,2007,60,664219,no,,docsociety.org,Foundation,"Art & Culture, Health, Mental Health",United Kingdom,,"Directors:Adam Lavis, Kat Mansoor and Will Hood",,,,,2015-05-19 04:45:31.106284+00:00,2025-11-13 12:28:51.734119+00:00
493,Here to Stay,here-to-stay,published,COMPLETED,short,2026,,,no,,"bfi.docsociety.org, docsociety.org",BFI Doc Society: Made of Truth,,Turkey,,Producer:Lucy Draper; Director:Sheida Kiran,,,,,2024-12-09 16:09:08.987547+00:00,2026-04-28 11:11:56.136771+00:00
529,Hidden Letters,hidden-letters,published,COMPLETED,feature,2022,,965214,no,https://www.youtube.com/watch?v=JazuwXs7axM,docsociety.org,Perspective Fund,,China,,Director:Zhao Qing; Producer:Su Kim; Director:Violet du Feng; Producer:Jean Tsien; Producer:Tanja Georgieva-Waldhauer; Producer:Mette Cheng Munthe-Kaas,,,,,2025-10-16 16:16:21.127001+00:00,2026-01-13 17:56:06.587108+00:00
308,Hide and Seek (Nascondino),hide-and-seek-nascondino,published,COMPLETED,feature,2021,,872545,no,https://www.youtube.com/watch?v=hSwPwh5dmYk,"bfi.docsociety.org, docsociety.org",BFI Doc Society Production Fund,Society,Italy,,Producer:Jen Corcoran; Producer:Aleksandra Bilic ; Director:Victoria Fiore,,,,,2019-10-16 17:01:16.487134+00:00,2026-01-13 17:58:38.641868+00:00
513,Holloway,holloway,published,COMPLETED,feature,2024,,1351993,no,https://www.youtube.com/watch?v=qcdzMTpl1VQ,"bfi.docsociety.org, docsociety.org",BFI Doc Society Production Fund,"Activism, Human Rights, Justice, Mental Health",United Kingdom,,Director:Sophie Compton; Producer:Polly Creed; Producer:Alice Hughes; Director:Daisy-May Hudson,,,,,2025-07-24 14:55:55.700654+00:00,2026-01-13 18:00:43.829032+00:00
552,Hollywoodgate,hollywoodgate,published,COMPLETED,feature,2023,,1156196,no,https://www.youtube.com/watch?v=iQRWLLOyrJQ,docsociety.org,"Better Futures, Foundation",,Afghanistan,,Producer:Shane Boris; Director:Ibrahim Nash’at; Producer:Talal Derki,,,,,2025-10-23 21:14:28.894130+00:00,2026-01-13 18:02:38.643307+00:00
528,Homegrown,homegrown,published,COMPLETED,feature,2024,,1321365,no,https://www.youtube.com/watch?v=21GHbgUnuJM,"democracystoryunit.org, docsociety.org","Bertha Journalism, Better Futures, Perspective Fund",,United States,,"Producer:Rachel Falcone; Director, Producer:Michael Premo",,,,,2025-10-16 15:38:28.499619+00:00,2026-01-13 18:04:02.082345+00:00
391,Hong Kong Mixtape,we-wear-masks-hong-kong-mixtape,published,COMPLETED,feature,2023,,1099023,no,https://www.youtube.com/watch?v=Rmi9z7oszBo,"bfi.docsociety.org, docsociety.org",BFI Doc Society Production Fund,Politics,China,,Director:San San Young,,,,,2022-03-31 10:43:46.382677+00:00,2026-01-13 18:05:43.589027+00:00
217,Hooligan Sparrow,road-hainan,published,COMPLETED,feature,2016,,376387,no,https://www.youtube.com/watch?v=RjVpb6h2z_w,docsociety.org,Bertha Journalism,"Human Rights, Justice, Politics",China,,Director:Nanfu Wang,http://theroadfromhainan.com/,GB:Apple TV:https://tv.apple.com/gb/movie/hooligan-sparrow/umc.cmc.3hm90vbksivtl2433pkwww79b?playableId=tvs.sbd.9001%3A1202467045; IE:Apple TV:https://tv.apple.com/ie/movie/hooligan-sparrow/umc.cmc.3hm90vbksivtl2433pkwww79b?playableId=tvs.sbd.9001%3A1202467045; IE:Apple TV:https://tv.apple.com/ie/movie/hooligan-sparrow/umc.cmc.3hm90vbksivtl2433pkwww79b?playableId=tvs.sbd.9001%3A1202467045; US:Apple TV:https://tv.apple.com/us/movie/hooligan-sparrow/umc.cmc.3hm90vbksivtl2433pkwww79b?playableId=tvs.sbd.9001%3A1176322456; US:Apple TV:https://tv.apple.com/us/movie/hooligan-sparrow/umc.cmc.3hm90vbksivtl2433pkwww79b?playableId=tvs.sbd.9001%3A1176322456; ZA:Apple TV:https://tv.apple.com/za/movie/hooligan-sparrow/umc.cmc.3hm90vbksivtl2433pkwww79b?playableId=tvs.sbd.9001%3A1202467045; ZA:Apple TV:https://tv.apple.com/za/movie/hooligan-sparrow/umc.cmc.3hm90vbksivtl2433pkwww79b?playableId=tvs.sbd.9001%3A1202467045; CA:Apple TV:https://tv.apple.com/ca/movie/hooligan-sparrow/umc.cmc.3hm90vbksivtl2433pkwww79b?playableId=tvs.sbd.9001%3A1176322456; GB:Apple TV:https://tv.apple.com/gb/movie/hooligan-sparrow/umc.cmc.3hm90vbksivtl2433pkwww79b?playableId=tvs.sbd.9001%3A1202467045; CA:Apple TV:https://tv.apple.com/ca/movie/hooligan-sparrow/umc.cmc.3hm90vbksivtl2433pkwww79b?playableId=tvs.sbd.9001%3A1176322456,Human Rights Watch International Film Festival:2016:Nestor Almendros Award:no; Jerusalem Film Festival:2016:In Spirit for Freedom Award:no; Nashville Film Festival:2016:Special Jury Prize:no; Stockholm Film Festival:2016:Bronze Horse:no; Ashland Independent Film Festival:2016:Les Blank Award:no; Sheffield International Documentary Festival:2016:Tim Hetherington Award - Special Mention:no; International Film Festival and Forum on Human Rights:2016:Gilda Vieira de Mello Award:no,"2017:Truer Than Fiction Award:Film Independent Spirit Awards; 2017:Cinema Eye Honors Award:Cinema Eye Honors Awards, US",2015-09-28 10:25:50.449460+00:00,2026-01-13 18:07:20.441888+00:00
512,How Deep Is Your Love,how-deep-is-your-love,published,COMPLETED,feature,2025,,1403723,no,https://www.youtube.com/watch?v=CM1VWcxjGuw,"bfi.docsociety.org, docsociety.org",BFI Doc Society Production Fund,Environment,United States,,Producer:Jacob Thomas; Director:Eleanor Mortimer,,,,,2025-07-24 14:01:36.026169+00:00,2026-01-13 18:09:21.737461+00:00
579,How Does It Feel?,how-does-it-feel,published,PRODUCTION,short,,,,no,,"bfi.docsociety.org, docsociety.org",BFI Doc Society: Made of Truth,,United Kingdom,,Director:Ames Pennington; Producer:Archie Sinclair,,,,,2026-01-20 15:22:32.368637+00:00,2026-02-02 17:32:58.349868+00:00
35,How is Your Fish Today?,how-is-your-fish-today,published,COMPLETED,feature,2006,83,105179,no,https://www.youtube.com/embed/wdWQtCrZiW0,docsociety.org,Foundation,,China,,Director:Xiaolu Guo,,,,,2015-05-19 04:45:31.410674+00:00,2025-11-11 10:13:14.160013+00:00
468,Howls to the Harbour,wolf,published,COMPLETED,short,2024,,1491395,no,,"bfi.docsociety.org, docsociety.org",BFI Doc Society: Made of Truth,"LGBTQIA+, Mental Health",United Kingdom,,Director:Christian Cargill; Producer:Marina Demartini,,,,,2024-04-02 15:37:57.160623+00:00,2025-11-11 10:16:57.422280+00:00
535,How to Build a Library,how-to-build-a-library,published,COMPLETED,feature,2025,,1182952,no,https://www.youtube.com/watch?v=AR_oycTrDIc,docsociety.org,Perspective Fund,,Kenya,,"Director, Producer:Maia Lekow; Director, Producer:Christopher King",,,,,2025-10-21 17:23:08.307257+00:00,2026-01-13 18:25:26.406237+00:00
89,How to Survive a Plague,how-to-survive-a-plague,published,COMPLETED,feature,2012,109,84286,no,https://www.youtube.com/embed/haEPLCA_H2Y,docsociety.org,Better Futures,"Activism, LGBTQIA+",United States,gpsf2011,Director:David France,http://surviveaplague.com/,CA:Apple TV:https://tv.apple.com/ca/movie/how-to-survive-a-plague/umc.cmc.4fh45z9u8afxx3ayvujq44y61?playableId=tvs.sbd.9001%3A600733684; CA:Apple TV:https://tv.apple.com/ca/movie/how-to-survive-a-plague/umc.cmc.4fh45z9u8afxx3ayvujq44y61?playableId=tvs.sbd.9001%3A600733684; CA:Apple TV:https://tv.apple.com/ca/movie/how-to-survive-a-plague/umc.cmc.4fh45z9u8afxx3ayvujq44y61?playableId=tvs.sbd.1000288%3AIFCENT_SF70048; CA:Prime Video:https://www.primevideo.com/detail/0KIU94CQ279LZX6U9JTYN0J1SC/ref=atv_dp; NZ:Prime Video:https://www.primevideo.com/detail/0IPSNBUK2UKGEC64J68WZJZTQC/ref=atv_dp; US:Apple TV:https://tv.apple.com/us/movie/how-to-survive-a-plague/umc.cmc.4fh45z9u8afxx3ayvujq44y61; GB:Prime Video:https://www.amazon.co.uk/gp/video/detail/B00OYLFZYC/ref=atv_dp; GB:Apple TV:https://tv.apple.com/gb/movie/how-to-survive-a-plague/umc.cmc.4fh45z9u8afxx3ayvujq44y61?playableId=tvs.sbd.9001%3A601715902; GB:Prime Video:https://www.amazon.co.uk/gp/video/detail/B00OYLFZYC/ref=atv_dp; US:Apple TV:https://tv.apple.com/us/movie/how-to-survive-a-plague/umc.cmc.4fh45z9u8afxx3ayvujq44y61; US:Mubi:https://mubi.com/films/how-to-survive-a-plague; US:Prime Video:https://www.amazon.com/gp/video/detail/B00AGEHFK8/ref=atv_dp; AU:Prime Video:https://www.primevideo.com/detail/0IPSNBUK2UKGEC64J68WZJZTQC/ref=atv_dp; US:Prime Video:https://www.amazon.com/gp/video/detail/B00AGEHFK8/ref=atv_dp; US:Apple TV:https://tv.apple.com/us/movie/how-to-survive-a-plague/umc.cmc.4fh45z9u8afxx3ayvujq44y61; GB:Apple TV:https://tv.apple.com/gb/movie/how-to-survive-a-plague/umc.cmc.4fh45z9u8afxx3ayvujq44y61?playableId=tvs.sbd.9001%3A601715902,,,2015-05-19 04:45:32.662343+00:00,2025-11-11 10:22:23.740148+00:00
380,Hummingbirds,hummingbirds,published,COMPLETED,feature,2023,,1076164,no,https://www.youtube.com/watch?v=LXgvNMKZ-l0,"docsociety.org, thresholdfund.org",Threshold,"Activism, Human Rights, Identity, LGBTQIA+","Mexico, United States",,Director:Estefanía Contreras; Director:Silvia Castaños; Co-Director:Ana Rodriguez-Falco; Co-Director:Diane Ng; Co-Director:Miguel Drake-McLaughlin; Co-Director:Jillian Schlesinger; Producer:Ana Rodriguez-Falco; Producer:Jillian Schlesinger; Producer:Miguel Drake-McLaughlin; Producer:Leslie Benavides,,CA:Tubi:https://tubitv.com/movies/100046383/hummingbirds; US:Tubi:https://tubitv.com/movies/100046383/hummingbirds,,,2021-11-09 23:30:51.639060+00:00,2026-01-20 17:52:05.819624+00:00
538,Hungary 2018,hungary-2018,published,COMPLETED,feature,2018,,563783,no,https://www.youtube.com/watch?v=OIb6_pEaP8w,docsociety.org,Bertha Journalism,,Hungary,,Director:Eszter Hajdu,,,,,2025-10-21 18:17:13.355535+00:00,2026-01-13 18:29:27.146494+00:00
134,"I, Afrikaner",afrikaner-girl,published,COMPLETED,feature,2013,93,237642,no,https://www.youtube.com/watch?v=ggy2Yb-9Fj0,docsociety.org,,Society,South Africa,,Director:Annalet Steenkamp,http://www.iafrikanerfilm.com/,GB:IDFA TV:https://idfa.vhx.tv/,,,2015-05-19 04:45:33.520886+00:00,2026-01-13 18:32:40.602129+00:00
550,I Am a Town,i-am-a-town,published,COMPLETED,feature,2020,,673307,no,https://www.youtube.com/watch?v=dk7UWWyZyJ0,docsociety.org,,,United States,,"Director, Producer:Mischa Richter",,,,,2025-10-23 18:52:58.486573+00:00,2026-01-13 18:34:06.927431+00:00
563,I am Greta,i-am-greta,draft,COMPLETED,feature,2020,,,no,,climatestoryunit.org,,,Sweden,,Director:Nathan Grossman,,,,,2025-11-11 16:27:27.228676+00:00,2025-11-11 16:27:27.228702+00:00
485,I Am Samuel,i-am-samuel,published,COMPLETED,feature,2020,,708249,no,https://www.youtube.com/watch?v=6314hUTX3SQ,docsociety.org,Better Futures,LGBTQIA+,Kenya,,,,US:Apple TV:https://tv.apple.com/us/movie/i-am-samuel/umc.cmc.41blcpj4flaxco2sn2dtrzzoy?playableId=tvs.sbd.9001%3A1572588890; US:Tubi:https://tubitv.com/movies/607441/i-am-samuel; CA:Tubi:https://tubitv.com/movies/607441/i-am-samuel; CA:Apple TV:https://tv.apple.com/ca/movie/i-am-samuel/umc.cmc.41blcpj4flaxco2sn2dtrzzoy?playableId=tvs.sbd.9001%3A1572588890; IE:Apple TV:https://tv.apple.com/ie/movie/i-am-samuel/umc.cmc.41blcpj4flaxco2sn2dtrzzoy?playableId=tvs.sbd.9001%3A1566866888; CA:Apple TV:https://tv.apple.com/ca/movie/i-am-samuel/umc.cmc.41blcpj4flaxco2sn2dtrzzoy?playableId=tvs.sbd.9001%3A1572588890; GB:Apple TV:https://tv.apple.com/gb/movie/i-am-samuel/umc.cmc.41blcpj4flaxco2sn2dtrzzoy?playableId=tvs.sbd.9001%3A1572588890; IE:Apple TV:https://tv.apple.com/ie/movie/i-am-samuel/umc.cmc.41blcpj4flaxco2sn2dtrzzoy?playableId=tvs.sbd.9001%3A1566866888; US:Apple TV:https://tv.apple.com/us/movie/i-am-samuel/umc.cmc.41blcpj4flaxco2sn2dtrzzoy?playableId=tvs.sbd.9001%3A1572588890; GB:Apple TV:https://tv.apple.com/gb/movie/i-am-samuel/umc.cmc.41blcpj4flaxco2sn2dtrzzoy?playableId=tvs.sbd.9001%3A1572588890,Atlanta Film Festival:2020:Best Documentary Feature:no,,2024-08-08 22:49:13.261179+00:00,2026-01-20 17:44:15.204239+00:00
66,Ida's Diary,idas-diary,published,COMPLETED,short,2014,63,360334,no,https://www.youtube.com/embed/jPkraQ4HKb0,docsociety.org,,"Health, Mental Health, Society",Norway,gpeu2013,Director:August Baugst&oslash; Hanssen&nbsp;&nbsp;,http://www.idasdiaryfilm.com/,,,,2015-05-19 04:45:32.002706+00:00,2025-11-13 12:35:21.822960+00:00
316,I Didn't See You There,i-didnt-see-you-there,published,PRODUCTION,short,,,913825,yes,https://www.youtube.com/watch?v=1MgyxPE60xo,docsociety.org,Perspective Fund,,United States,,Producer:Keith Wilson; Director:Reid Davenport,,,,,2020-02-12 21:21:49.947886+00:00,2026-01-13 18:38:12.710759+00:00
427,I Don't Need Adult Conversation,i-dont-need-adult-conversation,published,COMPLETED,short,2023,,1194790,no,,"bfi.docsociety.org, docsociety.org",BFI Doc Society: Made of Truth,"Identity, Mental Health",United Kingdom,,Director:Vika Evdokimenko; Producer:Frankee Fogg,,,,,2022-11-17 15:44:25.923286+00:00,2025-11-11 11:08:47.660174+00:00
205,'If I Can't Dance (It's Not My Revolution)',if-i-cant-dance-its-not-my-revolution,published,PRODUCTION,short,2005,,,no,,docsociety.org,Circle Fund,Politics,Syria,,Director:Anonymous,,,,,2015-05-19 04:45:35.308938+00:00,2025-11-11 11:11:06.924796+00:00
309,If the Streets Were On Fire,if-streets-were-fire,published,COMPLETED,feature,2022,,1019166,no,https://www.youtube.com/watch?v=e_kfobKyVIM,"bfi.docsociety.org, docsociety.org",BFI Doc Society Production Fund,,United Kingdom,,Producer:Julia Nottingham; Producer:Gannesh Rajah; Director:Alice Russell,,,,,2019-10-16 17:11:54.270158+00:00,2026-01-13 18:49:27.379997+00:00
480,iHuman,ihuman,published,COMPLETED,feature,2019,,623173,no,https://www.youtube.com/watch?v=XeSTYN75aic,docsociety.org,"Better Futures, Circle Fund",,"Brazil, Canada, China, Germany, Greece, Japan, Switzerland, United Kingdom, United States",,,,,,2020:Best Nordic Documentary:Nordisk Panorama; 2020:ConScience Award:Docville,2024-08-08 15:15:41.894167+00:00,2026-01-13 18:51:07.991368+00:00
304,Imogen,imogen,published,COMPLETED,short,2019,,,no,,"bfi.docsociety.org, docsociety.org",BFI Doc Society: Made of Truth,"Mental Health, Society",,,Director:Lola Young; Producer:Margo Mars; Director:Matt Shea; Producer:Alma Har'el,,,,,2019-10-16 13:41:07.036602+00:00,2025-09-01 15:22:29.888862+00:00
177,Incorruptible,an-african-spring,published,COMPLETED,short,2015,94,339143,no,https://www.youtube.com/embed/BKZtjEKR3nc,docsociety.org,Bertha Journalism,,Senegal,gpny2013,Director:Elizabeth Chai Vasarhelyi,,,,,2015-05-19 04:45:34.731489+00:00,2025-11-11 11:36:38.413815+00:00
29,In Search of the Anti Christ,in-search-of-the-anti-christ,published,PRODUCTION,short,,,,no,,docsociety.org,Foundation,,United States,,Directors:Jamie Campbell  &  Joel Wilson,,,,,2015-05-19 04:45:31.305602+00:00,2025-11-13 12:49:01.753108+00:00
422,Interspecies,interspecies,published,PRODUCTION,short,,,1373660,yes,,"climatestoryunit.org, docsociety.org",Climate Story Fund,"Environment, Society",United Kingdom,,Director:Lucy Walker; Producer:Aimara Reques; Producer:David Rosier; Producer:Julian Cautherley,,,,,2022-09-08 16:24:05.541814+00:00,2025-11-11 11:46:13.359579+00:00
521,In The Black Fantastic,in-the-black-fantastic,published,PRODUCTION,feature,,,1577321,no,,"bfi.docsociety.org, docsociety.org",BFI Doc Society Production Fund,,"Ghana, South Africa, United Kingdom, United States",,Director:Julianknxx; Writer & Executive Producer:Ekow Eshun; Producer:Debo Amon; Executive Producer:Jenny Berglund; Executive Producer:Patrick Bedeau; Executive Producer:Arianna Nourse,,,,,2025-08-04 09:08:56.860214+00:00,2025-11-11 11:51:37.706202+00:00
148,In The Shadow of War,in-the-shadow-of-war,published,COMPLETED,short,2014,89,342674,no,https://vimeo.com/108584865?fl=pl&fe=cm,docsociety.org,,"Justice, Politics, Society",Bosnia and Herzegovina,,Director:Georgia and Sophia Scott,http://www.intheshadowofwarfilm.com/,,,,2015-05-19 04:45:33.784768+00:00,2026-01-13 18:59:18.810569+00:00
425,Irpinia,ss-irpinia,published,COMPLETED,short,2023,,1328846,no,,"bfi.docsociety.org, docsociety.org",BFI Doc Society: Made of Truth,,United Kingdom,,Director:Jameisha Prescod; Producer:Valery Akpojiyovwi,,,,,2022-11-17 15:33:26.512489+00:00,2025-11-11 12:15:11.468852+00:00
287,Is There Anybody Out There?,there-anybody-out-there,published,COMPLETED,feature,2023,,1058667,yes,https://www.youtube.com/watch?v=FLYgnOfG-kk,"bfi.docsociety.org, docsociety.org",BFI Doc Society Production Fund,"Health, Society",United Kingdom,,Director:Ella Bee Glendining ; Producer:Janine Marmot,,,,,2018-11-26 15:35:26.981451+00:00,2026-01-15 09:12:52.257595+00:00
60,Journey to the Moon,journey-to-the-moon,published,COMPLETED,short,2009,,592437,no,https://www.youtube.com/watch?v=ze0hapysJpI,docsociety.org,Foundation,,Turkey,,Director:Kutlug Ataman,,,,,2015-05-19 04:45:31.862697+00:00,2026-01-15 09:16:21.551594+00:00
168,Judgment in Hungary,judgment-in-hungary,published,COMPLETED,short,2014,104,278732,no,https://www.youtube.com/embed/BGDt6HRZYtk,docsociety.org,Bertha Journalism,,Hungary,gphg2012,Director:Eszter Hajdu,,,,2024:London Open City Film Festival - Grand Jury Award:; 2024:Prague One World Film Festival - Best Film Award:; 2024:Wiesbaden GoEast - Best Documentary:,2015-05-19 04:45:34.499781+00:00,2025-11-11 12:22:33.957488+00:00
213,Jungle Sisters,jungle-sisters,published,COMPLETED,short,2015,80,340229,no,https://www.youtube.com/watch?v=L-okP9zS6do,docsociety.org,Bertha Journalism,Human Rights,India,,Director:Chloe Ruthven,http://www.taskovskifilms.com/?film=jungle-sisters,,,,2015-07-03 11:05:06.419573+00:00,2026-01-15 09:18:00.028920+00:00
67,Just a Band,just-a-band,published,PRODUCTION,short,,,,no,,docsociety.org,,,Kenya,,Directors:Wanuri Kahiu and Anjali Nayar,,,,,2015-05-19 04:45:32.060644+00:00,2025-11-11 12:28:33.560795+00:00
348,Kanaval: A People's History of Haiti in Six Chapters,haiti-carnival-ancestors,published,COMPLETED,feature,2022,,1019194,no,https://www.youtube.com/watch?v=DOjVxEnsfrg,"bfi.docsociety.org, docsociety.org",BFI Doc Society Production Fund,Art & Culture,Haiti,,Director:Leah Gordon; Producer:Natasha Dack-Ojumu; Director:Eddie Hutton Mills,,,,,2021-01-27 18:47:15.631554+00:00,2026-01-15 09:20:49.760580+00:00
103,Kasai,kasai,published,COMPLETED,,2013,52,,no,,docsociety.org,,,,,:Claude Haffner,,,,,2015-05-19 04:45:32.925343+00:00,2023-07-05 09:35:35.533154+00:00
80,Kashmir: Beyond the Line of Control,kashmir-beyond-the-line-of-control,published,PRODUCTION,short,,,,no,,docsociety.org,,,Pakistan,,Director:Sharmeen Obaid-Chinoy,,,,,2015-05-19 04:45:32.446851+00:00,2025-11-13 12:41:37.153091+00:00
471,KEITH,keith,published,PRODUCTION,short,2024,,,no,,"bfi.docsociety.org, docsociety.org",BFI Doc Society: Made of Truth,"Disability, Mental Health",United Kingdom,,Producer:Reece Cargan; Director:Steven Fraser,,,,,2024-04-22 10:59:10.484829+00:00,2025-11-11 12:52:20.797377+00:00
39,Kimmie,kimmie,published,COMPLETED,feature,2006,88,,no,,docsociety.org,Foundation,,"Liberia, United States",,,,,,,2015-05-19 04:45:31.488194+00:00,2025-11-13 12:44:08.782600+00:00
54,King of South Shields,king-of-south-shields,published,COMPLETED,short,2008,24,,no,https://www.youtube.com/watch?v=N06vrxUAS1w,docsociety.org,Foundation,,"United Kingdom, United States",,Director:Tina Gharavi,,,,,2015-05-19 04:45:31.754192+00:00,2026-01-15 09:27:53.222515+00:00
331,Kite Flyers,kite-flyers,published,PRODUCTION,short,,,,no,,"bfi.docsociety.org, docsociety.org",BFI Doc Society: Made of Truth,,United Kingdom,,Producer:Gannesh Rajah; Director:Jessica Bishop,,,,,2020-04-08 19:47:00.707339+00:00,2025-11-11 14:39:20.423065+00:00
282,Knock Down the House,knock-down-house,published,COMPLETED,feature,2019,,565312,yes,https://vimeo.com/257229711,"docsociety.org, thresholdfund.org","Better Futures, Threshold",,United States,,Producer:Sarah Olson; Director:Robin Blotnick; Director:Rachel Lears,http://knockdownthehouse.com/,,Sundance:2019:Documentary Grand Jury Prize:no; SXSW Film Festival:2019:Festival Favorites:no; Wisconsin Film Festival:2019:Best Documentary Feature:no,"2020:The Unforgettables:Cinema Eye Honors Awards, US; 2020:Cinema Eye Audience Choice Prize:Cinema Eye Honors Awards, US; 2020:Outstanding Documentary:Black Reel Awards; 2020:Cinema for Peace Award for Women's Empowerment:Cinema for Peace Awards; 2019:Best Documentary:Detroit Film Critics Society Awards; 2020:Best Documentary:Iowa Film Critics Awards; 2019:Best Documentary by or About Women:Women Film Critics Circle Awards; 2019:Best Documentary Film:International Online Cinema Awards (INOCA); 2020:Best Documentary Film:North Carolina Film Critics Association; 2019:Most Compelling Living Subject of a Documentary:Critics' Choice Documentary Awards; 2019:Best Political Documentary:Critics' Choice Documentary Awards; 2019:Best Documentary:Critics' Choice Documentary Awards; 2020:Best Documentary Feature:Latino Entertainment Journalists Association Film Awards; 2019:Best Documentary:Odyssey Awards",2018-09-24 20:05:12.996680+00:00,2025-11-11 14:38:47.558336+00:00
490,Labour & Love,labour-love,published,PRODUCTION,feature,,,,no,https://www.youtube.com/watch?v=SEMt2twZ38o,"bfi.docsociety.org, docsociety.org",BFI Doc Society: RAD Fund,,United Kingdom,,Director:Lotje Sodderland; Producer:Helen Spooner,,,,,2024-08-28 13:47:51.043756+00:00,2026-01-15 09:34:16.197312+00:00
94,La Femme a la Camera (Camera/Woman),femme-a-la-camera-camerawoman,published,COMPLETED,short,2012,60,316130,no,https://www.youtube.com/watch?v=SEMt2twZ38o,docsociety.org,,Society,Morocco,,Director:Karima Zoubir,,,,,2015-05-19 04:45:32.753560+00:00,2026-01-15 09:35:09.751325+00:00
104,La Fin du Monde (Bugarach),la-fin-du-monde,published,COMPLETED,short,2014,91,,no,https://www.youtube.com/watch?v=O-6FjgL57aY,docsociety.org,,Art & Culture,France,,Director:Ventura Durall,,,,,2015-05-19 04:45:32.941550+00:00,2026-01-15 09:36:58.016935+00:00
525,Landfall,landfall,published,PRODUCTION,feature,,,,no,,"bfi.docsociety.org, docsociety.org",BFI Doc Society Production Fund,,United Kingdom,,Producer:Hugh Davies; Producer:Clive Patterson; Editor:Jamie Kataky; Head of Production:Selina Kay; Director:Peter Middleton,,,,,2025-08-07 09:32:47.169520+00:00,2025-11-11 14:47:30.767953+00:00
119,Laureates,laureates,published,PRODUCTION,short,,,,no,,docsociety.org,,,"Egypt, Ghana, Kenya, Nigeria, South Africa",,Director:Kenneth Gyang,,,,,2015-05-19 04:45:33.254536+00:00,2025-11-11 14:52:00.419865+00:00
51,Life After the Fall,life-after-the-fall,published,COMPLETED,short,2008,155,501723,no,https://www.youtube.com/watch?v=1LAgxiOCE4c,docsociety.org,Foundation,"Politics, Society",Iraq,,Director:Kasim Abid,,,,,2015-05-19 04:45:31.703234+00:00,2026-01-15 11:22:25.847287+00:00
496,Life of Kai,life-of-kai,published,PRODUCTION,short,,,,no,,"bfi.docsociety.org, docsociety.org",BFI Doc Society: Made of Truth,,United Kingdom,,Director:Fox Fisher; Producer:Just Pickles,,,,,2024-12-10 11:04:02.843776+00:00,2025-11-11 14:54:32.427578+00:00
173,Little Heaven,little-heaven,published,COMPLETED,short,2012,75,95840,no,https://www.youtube.com/watch?v=nFgGnslbKXM,docsociety.org,,,Ethiopia,gphg2012,Director:Lieven Corthouts,,,,,2015-05-19 04:45:34.615302+00:00,2026-01-15 11:27:28.810357+00:00
46,Living With the Tudors,living-with-the-tudors,published,COMPLETED,short,2007,83,902381,no,https://www.youtube.com/embed/IgxHG2MJpOQ,docsociety.org,Foundation,,United Kingdom,,Directors:Karen Guthrie and Nina Pope,,,,,2015-05-19 04:45:31.610263+00:00,2025-11-11 14:57:55.817844+00:00
225,Liyana,liyana,published,PRODUCTION,short,,,461844,no,https://www.youtube.com/watch?v=_qosXj7mrRg,docsociety.org,,Society,Eswatini,,,http://instagram.com/liyanadocumentary; http://www.LiyanaFilm.com,,,,2015-12-10 11:17:32.367468+00:00,2026-01-15 11:29:46.871064+00:00
310,Locked In,locked,published,PRODUCTION,feature,,,779969,no,,"bfi.docsociety.org, docsociety.org",BFI Doc Society Production Fund,"Disability, Health, Mental Health",United Kingdom,,Director:Xavier Alford; Producer:Sacha Merzoff,,,,,2019-10-16 17:16:01.561874+00:00,2025-11-13 12:52:32.592338+00:00
130,Logs of War,logs-of-war,published,COMPLETED,short,2016,,475318,no,https://www.youtube.com/watch?v=aSBY3z8zo1E,docsociety.org,,Environment,Liberia,gpny2014,Director:Anjali Nayar,,,,,2015-05-19 04:45:33.453806+00:00,2026-01-15 11:35:48.952864+00:00
102,Look at my India,look-at-my-india,published,PRODUCTION,short,,,,no,,docsociety.org,,,India,,Director:Pramod Mathur,,,,,2015-05-19 04:45:32.903147+00:00,2025-11-11 15:02:39.548958+00:00
233,Lost Warriors,lost-warriors,published,PRODUCTION,short,2017,,512487,no,https://www.youtube.com/watch?v=3Py7jg6Xlr4,docsociety.org,Bertha Journalism,"Politics, Society","Somalia, United Kingdom",gpeu2016,Directors:Nasib Farah and Søren Steen Jespersen,http://www.madeincoepnhagen.dk,,,,2016-03-31 14:05:20.148804+00:00,2026-01-15 11:41:19.832857+00:00
197,Love Free or Die,love-free-or-die,published,COMPLETED,short,2012,,84307,no,https://www.youtube.com/watch?v=PSNH5COHULo,docsociety.org,,LGBTQIA+,United States,silverdocs2010,Director:Mackey Alston,http://www.lovefreeordiemovie.com/,,,,2015-05-19 04:45:35.143819+00:00,2026-01-15 11:43:17.442028+00:00
527,Love Letters,love-letters,published,PRODUCTION,feature,,,,no,,"bfi.docsociety.org, docsociety.org",BFI Doc Society Production Fund,,United Kingdom,,Director:Daniel Cook; Producer:Marcy Paterson; Producer:James Heath; Editor:Jack Lang; Sound:Fergus Cook,,,,,2025-08-07 15:41:47.187851+00:00,2025-11-11 15:13:54.301809+00:00
288,Love & Trouble,horsemen,published,COMPLETED,feature,2024,,1374557,yes,https://www.youtube.com/watch?v=YReEL0w9c2s,"bfi.docsociety.org, docsociety.org",BFI Doc Society Production Fund,"Mental Health, Society",United Kingdom,,Producer:Sonja Henrici; Producer:Amy Hardie; Director:Amy Hardie,,,,,2018-11-26 16:06:36.166908+00:00,2026-01-15 11:52:06.398046+00:00
253,Madame Tran's Last Battle,madame-trans-last-battle,published,PRODUCTION,feature,2017,,,no,,"docsociety.org, thresholdfund.org","Bertha Journalism, Threshold",Activism,"United States, Vietnam",,Co-Director:Alan Adelson; Co-Director:Kate Taverna,,,,,2017-03-15 05:56:19.068683+00:00,2026-03-05 17:27:48.268735+00:00
401,Magilligan,untitled-hydebank-film,published,PRODUCTION,feature,2025,,,no,,"bfi.docsociety.org, docsociety.org",BFI Doc Society Production Fund,,United Kingdom,,Producer:Bronte Stahl; Director:Ross McClean,,,,,2022-03-31 13:42:09.739233+00:00,2026-03-06 11:07:12.500250+00:00
349,Maisie,maisie,published,COMPLETED,feature,2021,,719947,no,https://www.youtube.com/watch?v=T2CfdhwEFX4,"bfi.docsociety.org, docsociety.org",BFI Doc Society Production Fund,"Art & Culture, Identity, LGBTQIA+",United Kingdom,,Producer:Lee Cooper ; Producer:Deborah Aston; Director:Lee Cooper,,,,,2021-01-27 18:57:58.332287+00:00,2026-01-15 11:29:27.947000+00:00
191,"Making the Case, Beatrice Mtetwa and the Rule of Law",making-the-case-beatrice-mtetwa-and-the-rule-of-law,published,COMPLETED,short,2013,75,200285,no,https://www.youtube.com/watch?v=QPXGH-OMoyU,docsociety.org,Bertha Journalism,,Zimbabwe,,"Directors and Producers:Lorie Conway, Hopewell Chin Ono  &  Andrew Meldrum",,,,,2015-05-19 04:45:35.051172+00:00,2026-01-15 11:33:50.038795+00:00
418,"Manzanar, Diverted:  When Water Becomes Dust",manzanar-diverted-when-water-becomes-dust,published,COMPLETED,short,2021,84,823540,yes,https://www.youtube.com/watch?v=zPmqJ1Qvl9s,"climatestoryunit.org, docsociety.org",Climate Story Fund,"Environment, Human Rights, Identity",United States,,,,,International Documentary Association:2022:Best Music Score:no; Red Nation Film Festival:2021:Best Documentary Feature:no,,2022-09-08 13:06:06.346903+00:00,2026-01-15 11:36:29.824340+00:00
172,Marmato,marmato,published,COMPLETED,short,2014,87,250662,no,https://www.youtube.com/watch?v=hFKeSrqn2HM,docsociety.org,,"Environment, Society",Colombia,,Director:Mark Grieco,http://www.marmatomovie.com/,,,,2015-05-19 04:45:34.594355+00:00,2026-01-15 11:38:13.916515+00:00
31,Mass E Bhat,mass-e-bhat,published,COMPLETED,short,2015,,,no,https://www.youtube.com/embed/pqT_3giNfNQ,docsociety.org,Foundation,Society,Bangladesh,gpuk2009,Directors:Richard York  &  Hannan Majid,,,,,2015-05-19 04:45:31.345366+00:00,2025-11-12 07:49:48.616564+00:00
539,Matangi/Maya/MIA,matangimayamia,published,COMPLETED,feature,2018,,493106,no,https://www.youtube.com/watch?v=-ppo17wkUZE,docsociety.org,Circle Fund,,"Sri Lanka, United Kingdom",,Director:Steve Loveridge,,,,,2025-10-21 18:22:53.780941+00:00,2026-01-15 11:45:39.355417+00:00
283,Maya,maya,published,COMPLETED,feature,2020,,785921,yes,https://www.youtube.com/watch?v=D1Lo1vBbNb4,"bfi.docsociety.org, docsociety.org",BFI Doc Society Production Fund,"Activism, Environment",Iran,,Director:Anson Hartford; Producer:Hugh Hartford; Director:Jamshid Mojaddadi ,,AU:Apple TV:https://tv.apple.com/au/movie/maya/umc.cmc.31vi7jl1slw1z7xzc8spy5wt,,,2018-11-26 14:38:14.695172+00:00,2026-01-15 11:47:13.498781+00:00
313,Mayor,mayor,published,COMPLETED,feature,2020,,681011,no,https://www.youtube.com/watch?v=p-EVtSZ9-fA,docsociety.org,Bertha Journalism,,Palestine,,Director:David Osit; Producer:David Osit,,,Philadelphia Film Festival:2020:Best Documentary Feature:no; Warsaw International Film Festival:2020:Best Documentary Feature:no; Full Frame Documentary Film Festival:2020:Reva and David Logan Grand Jury Award:no; Zurich Film Festival:2020:Best International Documentary Film:no; Dokufest International Documentary and Short Film Festival:2020:International Dox Award:no; Boston Palestine Film Festival:2020:Documentary Feature:no,"2022:Emmy:Emmy Awards; 2022:Peabody Awards:Peabody Awards; 2020:NEXT:WAVE Award:CPH:DOX; 2020:Cinema for Peace Dove for The Political Film of the Year:Cinema for Peace Awards; 2021:The Unforgettables:Cinema Eye Honors Awards, US; 2021:Spotlight Award:Cinema Eye Honors Awards, US",2020-02-04 16:46:09.207637+00:00,2026-01-15 11:48:58.168032+00:00
344,Men Who Sing,men-who-sing,published,COMPLETED,feature,2021,,669295,no,https://www.youtube.com/watch?v=iVILMn1zFmk,"bfi.docsociety.org, docsociety.org",BFI Doc Society Production Fund,,United Kingdom,,Director:Dylan Williams; Producer:Llion Iwan,,,,,2021-01-27 18:03:24.349437+00:00,2026-01-15 11:51:10.971567+00:00
272,Midnight Traveler,midnight-traveler,published,PRODUCTION,short,,90,566216,yes,https://www.youtube.com/watch?v=BTT-duEoRdc,"docsociety.org, thresholdfund.org","Bertha Journalism, Threshold","Human Rights, Society","Afghanistan, Bulgaria, Germany, Hungary, Iran, Serbia, Turkey",,"Writer, Producer:Su Kim; Writer, Producer:Emelie Mahdavian; Director:Hassan Fazili",,,,,2017-12-12 11:59:52.750106+00:00,2026-02-18 09:55:17.563122+00:00
574,Milisuthando,milisuthando,published,COMPLETED,feature,2023,,,no,,docsociety.org,Circle Fund,,South Africa,,"Producer:Marion Isaacs; Director, Producer, Writer:Milisuthando Bongela",,,,,2025-12-04 15:59:56.885525+00:00,2025-12-04 16:03:18.864892+00:00
167,Miners Shot Down,miners-shot-down,published,COMPLETED,,2014,83,,no,https://www.youtube.com/embed/pkK_T_vz7cY,docsociety.org,,"Justice, Society",,,Director:Rehad Desai,http://www.minersshotdown.co.za/,,,,2015-05-19 04:45:34.455327+00:00,2023-07-05 09:35:36.184156+00:00
356,Mirrors,mirrors,published,COMPLETED,short,2022,,995457,no,,"bfi.docsociety.org, docsociety.org",BFI Doc Society: Made of Truth,"Art & Culture, Society",United Kingdom,,Director:Paul Daly; Producer:Jacqui Davies,,,,,2021-04-30 11:21:55.047527+00:00,2025-11-12 08:10:30.486752+00:00
580,Miss Sarajevo Returns,miss-sarajevo-returns,published,PRODUCTION,short,,,,no,,"bfi.docsociety.org, docsociety.org",BFI Doc Society: Made of Truth,,"Bosnia and Herzegovina, United Kingdom",,Director:Albie Swingler; Producer:Aleksandra Bilić; Producer:Dorottya Székely,,,,,2026-01-20 15:26:29.364795+00:00,2026-02-02 17:33:13.147710+00:00
452,Mobil-Eyes Us,mobil-eyes-us,published,PRODUCTION,other,,,,no,,docsociety.org,Flex Fund,,,,,,,,,2023-10-18 08:51:17.289864+00:00,2023-10-18 08:53:00.274128+00:00
456,Molly vs the Machines,molly-vs-the-machines,published,PRODUCTION,feature,,,1557606,no,https://www.youtube.com/watch?v=vqgAGr8rmF0,"democracystoryunit.org, docsociety.org",Better Futures,,United Kingdom,,"Producer:Kat Mansoor; Director, Producer:Marc Silver; Producer:Natalie Humphreys",,,,,2023-11-29 17:48:32.908543+00:00,2026-01-15 11:58:50.482323+00:00
488,MONUMENT TO THE VANQUISHED PEASANT: A PEOPLE’S HISTORY OF ENCLOSURE (Working titile),monument-to-the-vanquished-peasant-a-peoples-history-of-enclosure-working-titile,published,PRODUCTION,feature,,,,no,,"bfi.docsociety.org, docsociety.org",BFI Doc Society: RAD Fund,,United Kingdom,,Director:Leah Gordon,,,,,2024-08-28 13:15:48.431196+00:00,2025-11-12 08:18:52.738801+00:00
16,Moving to Mars,moving-to-mars,published,COMPLETED,short,2009,90,35258,no,https://www.youtube.com/watch?v=YB2t1xJ-kgA,docsociety.org,Foundation,"Human Rights, Politics, Society","Myanmar, United Kingdom",gpuk2009,Director and Producer:Mat Whitecross (d.) and Karen Katz (p.),http://www.movingtomarsfilm.com/,,,2024:Grierson Award:; 2024:Chicago Film Festival - Golden Plaque Winner:,2015-05-19 04:45:31.058631+00:00,2026-01-15 12:01:05.950012+00:00
554,Mrs. Robinson,mrs-robinson,published,COMPLETED,feature,2024,,1293316,no,https://www.youtube.com/watch?v=QKICypsdcIw,climatestoryunit.org,Climate Story Fund,,Ireland,,Producer:Trisha Canning; Director:Aoife Kelleher; Producer:Cormac Hargaden,,,,,2025-11-05 09:44:25.687454+00:00,2026-03-06 11:41:57.800344+00:00
133,My Atomic Aunt,my-atomic-aunt,published,COMPLETED,short,2013,73,401775,no,https://www.youtube.com/embed/Ufi4132B00Q,docsociety.org,,Environment,Japan,,Director:Kyoko Miyake,http://www.kyokomiyake.com/project/My_Atomic_Aunt_,,,,2015-05-19 04:45:33.503077+00:00,2025-11-12 08:27:55.820880+00:00
410,My Blonde GF,my-blonde-gf,published,COMPLETED,short,2023,,1133485,no,https://www.youtube.com/watch?v=nCoH3V11xOo,"bfi.docsociety.org, docsociety.org",BFI Doc Society: Made of Truth,,United Kingdom,,Director:Rosie Morris; Producer:Rebecca Mark-Lawson,,,,,2022-03-31 15:49:02.358650+00:00,2026-01-15 12:07:03.231019+00:00
403,My Extinction,my-extinction,published,PRODUCTION,feature,,,,no,,"bfi.docsociety.org, docsociety.org",BFI Doc Society Production Fund,Disability,United Kingdom,,Director:Paul Viragh; Director:David Proud; Producer:Lindsey Dryden,,,,,2022-03-31 13:50:38.814350+00:00,2025-11-12 08:34:34.174416+00:00
447,My Friend Lanre,my-friend-lanre,published,COMPLETED,feature,2023,,1141828,no,https://www.youtube.com/watch?v=udGlk8l3UCk,"bfi.docsociety.org, docsociety.org",BFI Doc Society Production Fund,Society,United Kingdom,,Director:Leo Regan; Producer:Mary Carson,,,,,2023-02-21 17:34:34.066775+00:00,2026-01-15 12:09:33.668690+00:00
21,My Kidnapper,my-kidnapper,published,COMPLETED,short,2010,85,201646,no,https://www.youtube.com/watch?v=VpfDaTtkIRY,docsociety.org,Foundation,Politics,Colombia,,"Directors:Mark Henderson, Kate Horne",http://mykidnapper.com/,,,,2015-05-19 04:45:31.145342+00:00,2026-01-15 12:11:27.023221+00:00
151,My Life My Lesson,my-life-my-lesson,published,COMPLETED,short,2015,75,532164,no,https://www.youtube.com/watch?v=eG5b09TC9hA,docsociety.org,,"Mental Health, Society","Norway, Sweden",,Director:Asa Ekman,http://www.mylifemylesson.org/,,,,2015-05-19 04:45:33.897070+00:00,2026-01-15 12:14:00.812100+00:00
83,"My Marriage, My Parents",my-marriage-my-parents,published,PRODUCTION,short,,,,no,,docsociety.org,,,Taiwan,,Director:Wuna Wu,,,,,2015-05-19 04:45:32.527846+00:00,2025-11-12 08:47:11.985953+00:00
198,My Neighbourhood,my-neighbourhood,published,COMPLETED,,2012,25,,no,https://www.youtube.com/embed/kU9kurX_ZgU,docsociety.org,,"Human Rights, Politics",,gpeu2012,Director:Rebekah Wingert-Jabi and Julia Bacha,http://www.justvision.org/myneighbourhood,,,,2015-05-19 04:45:35.174643+00:00,2023-07-05 09:35:36.402063+00:00
269,Nalia and the Uprising,nalia-and-uprising,draft,PRODUCTION,feature,2018,75,493802,yes,https://www.youtube.com/watch?v=zotlaEEnSZw,"docsociety.org, thresholdfund.org",Threshold,"Activism, Society",Palestine,,Director:Julia Bacha,,,Cleveland International Film Festival:2018:Greg Gund Memorial Standing Up Award:no; DOC NYC:2017:Viewfinders Grand Jury Prize:no,,2017-10-24 12:18:05.076220+00:00,2026-03-06 11:46:04.379455+00:00
392,Name Me Lawand,name-me-lawand,published,COMPLETED,feature,2022,,1019185,no,https://www.youtube.com/watch?v=-GqcLq3_i8E,"bfi.docsociety.org, docsociety.org",BFI Doc Society Production Fund,Identity,United Kingdom,,Producer:Marisa Clifford; Producer:Isabel Davis; Director:Edward Lovelace; Producer:Fleur Nieddu,,,,,2022-03-31 10:56:06.559272+00:00,2026-01-15 11:58:58.537842+00:00
402,"Nassem, Fight with Grace",naz,draft,PRODUCTION,,,,,no,,docsociety.org,BFI Doc Society Production Fund,,,,Director:Ana Naomi de Sousa; Director:Omar El-Khairy.; Producer:Elhum Shakerifar,,,,,2022-03-31 13:45:11.627545+00:00,2023-07-05 21:29:22.804144+00:00
463,Natural Justice,natural-justice,published,PRODUCTION,podcast,,,,no,,"climatestoryunit.org, docsociety.org",Climate Story Fund,,Kenya,,,,,,,2024-01-17 16:12:54.853834+00:00,2025-11-12 09:42:44.405500+00:00
371,Nature Ain't A Luxury,nature-aint-luxury,published,PRODUCTION,short,,,,no,,"climatestoryunit.org, docsociety.org",Climate Story Fund,Environment,"Dominica, Ecuador, Indonesia",,Director:Louis VI; Director:Tanya Ramsurrun,,,,,2021-11-08 17:02:47.662898+00:00,2025-11-12 09:48:46.962265+00:00
302,Never Actually Lost,never-actually-lost,published,COMPLETED,short,2019,,,no,,"bfi.docsociety.org, docsociety.org",BFI Doc Society: Made of Truth,Mental Health,United Kingdom,,Producer: John Archer; Director:Rowan Ings; Producer:David Brown,,,,,2019-10-16 12:48:49.497828+00:00,2025-11-12 09:46:40.024757+00:00
212,Newtown,newtown,published,COMPLETED,short,2016,,376234,no,https://www.youtube.com/watch?v=ZlgEliH83T8,docsociety.org,,Justice,United States,gpchi2015,Director:Kim A. Snyder,,,,,2015-07-03 10:55:37.785954+00:00,2026-01-15 12:10:05.961351+00:00
333,No Ball Games,no-ball-games,published,COMPLETED,short,,,934540,no,https://youtu.be/aHLn83syQmU,"bfi.docsociety.org, docsociety.org",BFI Doc Society: Made of Truth,"Identity, Society",United Kingdom,,Producer:Theo Barrowclough; Director:Charlotte Regan,,Worldwide:YouTube:https://youtu.be/aHLn83syQmU,,,2020-04-08 19:53:27.306762+00:00,2026-04-15 11:48:14.038219+00:00
374,Nocturnes,nocturnes,published,COMPLETED,feature,2024,,1211740,yes,https://www.youtube.com/watch?v=u7M7hsfqjQg,"climatestoryunit.org, docsociety.org",Climate Story Fund,Environment,"Bhutan, China, India, Myanmar, Nepal",,Director:Anirban Dutta; Director:Anupama Srinivasan,,,"Bergen International Film Festival:2024:Documentaire Extraordinaire:no; Hot Docs Canadian International Documentary Festival:2024:Land Sky Sea Award:no; Thessaloniki Documentary Film Festival:2024:International Competition:no; Calgary International Film Festival:2024:Best International Documentary:no; Cinema Eye Honors Awards, US:2024:Outstanding Achievement in Cinematography:no; Cinema Eye Honors Awards, US:2024:Outstanding Achievement in Sound Design:no; Dokufest International Documentary and Short Film Festival:2024:International Dox Award:no; Docville:2024:Best International Documentary:no; Sundance:2024:World Cinema - Documentary:no; Cinema Eye Honors Awards, US:2024:Outstanding Achievement in Original Music Score:no",2024:Mumbai Film Festival - South Asia Competition:; 2024:Thessaloniki Documentary Film Festival - Best Film in the Habitat Section:; 2024:Sundance Film Festival - World Cinema Documentary Special Jury Award:,2021-11-09 15:18:44.455469+00:00,2026-01-15 12:24:48.787317+00:00
3,No Fire Zone,no-fire-zone,published,COMPLETED,feature,2013,96,60373,no,https://www.youtube.com/watch?v=2J0u3cnXGsM&t=43s,docsociety.org,Foundation,"Human Rights, Politics",Sri Lanka,"gpeu2012, gpny2013",Director:Callum Macrae; Producer:Zoe Sale,http://nofirezone.org/,,,"2024:WatchDocs Poland 2014 - Winner of Audience Award.:; 2024:Nuremberg Film Festival 2013 - Winner of Audience Award:; 2024:Festival des Libertes, Brussels, 2013 - Winner of FIDH Best Film Award:",2015-05-19 04:45:30.750542+00:00,2026-01-15 12:30:29.539426+00:00
467,No Man is an Island,no-man-is-an-island,published,PRODUCTION,short,2024,,1437630,no,,"bfi.docsociety.org, docsociety.org",BFI Doc Society: Made of Truth,"Justice, LGBTQIA+, Society",United Kingdom,,Director:John Craine; Producer:Diarmuid Hughes,,,,,2024-03-11 11:07:55.054633+00:00,2025-11-12 09:55:01.133614+00:00
334,Northern Ballers,northern-ballers,published,PRODUCTION,short,,,1317313,no,https://www.youtube.com/watch?v=RVj38i4-1K8,"bfi.docsociety.org, docsociety.org",BFI Doc Society: Made of Truth,"Health, Society",United Kingdom,,Producer:Rebecca Mark-Lawson; Director:Rhys Lewis,,,,,2020-04-08 19:56:45.544186+00:00,2026-01-15 12:37:31.531012+00:00
317,No Simple Way Home,no-simple-way-home,published,COMPLETED,feature,2022,,928364,yes,https://www.youtube.com/watch?v=Kck6StqtC7w,docsociety.org,Perspective Fund,,South Sudan,,Cinematographer:Emma Nzioka; Sound Mixer:Josephine Obudo; Producer:Sam Soko; Director:Akuol de Mabior,,,Berlin International Film Festival:2022:Documentary Film:no; International Documentary Association:2022:Best Feature Documentary:no; International Documentary Association:2022:Best Writing:no; Frameline San Francisco International LGBTQ Film Festival:2022:Best Documentary Feature:no; Bergen International Film Festival:2022:Best Human Rights Documentary:no; African Movie Academy Awards:2022:Best Documentary:no,2022:DOK.horizons:Munich International Documentary Festival (DOK.fest),2020-02-12 21:24:58.371604+00:00,2026-01-15 12:39:16.423121+00:00
226,Notes on Blindness,notes-blindness,published,COMPLETED,short,2016,,378441,no,https://www.youtube.com/watch?v=CeMy6XNOvZs,docsociety.org,,"Art & Culture, Health",United Kingdom,gpeu2015,"Director:Peter Middleton & James Spinney; Producer:Mike Brett, Jo-Jo Ellison, Steve Jamison, Peter Middleton, James Spinney & Alex Usborne; Director:Rowan Ings",http://www.notesonblindness.co.uk,GB:Prime Video:https://www.amazon.co.uk/gp/video/detail/B01HP2GA7C/ref=atv_dp; GB:Apple TV:https://tv.apple.com/gb/movie/notes-on-blindness/umc.cmc.rfml99uvtr3nm8c3jpxaz9xb?playableId=tvs.sbd.9001%3A1128845402; GB:Apple TV:https://tv.apple.com/gb/movie/notes-on-blindness/umc.cmc.rfml99uvtr3nm8c3jpxaz9xb?playableId=tvs.sbd.9001%3A1128845402; GB:Prime Video:https://www.amazon.co.uk/gp/video/detail/B01HP2GA7C/ref=atv_dp; IE:Apple TV:https://tv.apple.com/ie/movie/notes-on-blindness/umc.cmc.rfml99uvtr3nm8c3jpxaz9xb?playableId=tvs.sbd.9001%3A1128845402; IE:Apple TV:https://tv.apple.com/ie/movie/notes-on-blindness/umc.cmc.rfml99uvtr3nm8c3jpxaz9xb?playableId=tvs.sbd.9001%3A1128845402,"Sydney Film Festival:2016:Best Film:no; Sheffield International Documentary Festival:2016:Storytelling and Innovation Award:no; East End Film Festival, UK:2016:Best Documentary:no; Milwaukee Film Festival:2016:Hertzfeld Competition Award:no; Cleveland International Film Festival:2016:Best Film:no; Frameline San Francisco International LGBTQ Film Festival:2016:Best Documentary Feature:no","2016:Outstanding British Film of the Year:BAFTA Awards; 2016:Best Documentary:BAFTA Awards; 2016:Outstanding Debut by a British Writer, Director or Producer:BAFTA Awards; 2016:Best British Independent Film:British Independent Film Awards; 2016:Best Director:British Independent Film Awards; 2016:Best Documentary:British Independent Film Awards; 2016:Outstanding Achievement in Craft:British Independent Film Awards; 2016:Feature Documentary Films Competition:Camerimage; 2016:Best Actress in a Supporting Role - Film:Irish Film and Television Awards; 2016:Breakthrough British/Irish Filmmaker of the Year:London Critics Circle Film Awards",2015-12-10 11:45:28.031075+00:00,2026-01-15 12:40:32.223379+00:00
341,Nothing Compares,nothing-compares,published,COMPLETED,feature,2022,,913845,no,https://www.youtube.com/watch?v=y-ijWru27J0,"bfi.docsociety.org, docsociety.org",BFI Doc Society Production Fund,,Ireland,,Producer: Eleanor Emptage; Producer:Michael Mallie; Director: Kathryn Ferguson,,US:Prime Video:https://www.amazon.com/gp/video/detail/B0CPT7ZN5D/ref=atv_dp; US:Hulu:https://www.hulu.com/movie/nothing-compares-2a278e0f-9728-4a0b-a5fa-e93f84e6a467; IE:Now:https://www.nowtv.com/ie/online/nothing-compares-2022/A5EK3JXxfMHsMoiq7RC8j; GB:Now:https://www.nowtv.com/watch/nothing-compares-2022/A5EK3JXxfMHsMoiq7RC8j; GB:Prime Video:https://www.amazon.co.uk/gp/video/detail/B0CHFXSXZ2/ref=atv_dp; US:Paramount+:https://www.paramountplus.com/movies/video/oqfMqXtL_4ZuFnUTnWWImrRTL7oKZaTB/; US:Prime Video:https://www.amazon.com/gp/video/detail/B0CPT7ZN5D/ref=atv_dp,,,2021-01-27 17:09:58.286660+00:00,2026-01-15 12:42:15.045403+00:00
132,Ntsika: The Pillar,ntsika-the-pillar,published,PRODUCTION,short,,,,no,https://www.youtube.com/watch?v=sARQBzC5R5k,docsociety.org,,,South Africa,gpjo2011,Director:Alette Schoon,,,,,2015-05-19 04:45:33.485043+00:00,2026-01-15 12:46:07.595058+00:00
551,Nuestra Tierra (Our Land),nuestra-tierra-landmarks,published,COMPLETED,feature,2025,,661603,no,https://www.youtube.com/watch?v=FZV02Wp2GU8,"democracystoryunit.org, docsociety.org",Doc Society Fund,"Democracy, Justice",Argentina,,Producer:Benjamín Domenech; Producer:Santiago Gallelli; Producer:Matías Roveda; Producer:Javier Leoz; Producer:Julio Chavezmontes; Producer:Joslyn Barnes ; Director:Lucrecia Martel,,,,,2025-10-23 19:02:38.957331+00:00,2026-04-21 16:15:27.665286+00:00
97,Odin's Raven's Magic,odins-ravens-magic,published,PRODUCTION,short,,,,no,,docsociety.org,,,Iceland,,Director:Nick Fenton,,,,,2015-05-19 04:45:32.809290+00:00,2025-11-13 12:53:54.712348+00:00
419,Offshore,offshore,published,COMPLETED,short,2022,20,,yes,,"climatestoryunit.org, docsociety.org",Climate Story Fund,"Environment, Justice, Society",United Kingdom,,,,,,,2022-09-08 13:13:24.558284+00:00,2025-11-12 10:07:42.213956+00:00
129,One Meal at a Time,one-meal-at-a-time,published,PRODUCTION,,,,,no,,docsociety.org,,,,,Directors:Alessandra Populin,,,,,2015-05-19 04:45:33.437692+00:00,2023-07-05 09:35:36.816669+00:00
120,One Mile Away,one-mile-away,published,COMPLETED,feature,2013,90,117375,no,https://www.youtube.com/watch?v=kVfzO2jBmyg,docsociety.org,,"Activism, Society",United Kingdom,gpeu2011,Director:Penny Woolcock,,,,2024:Edinburgh International Film Festival Best Feature:,2015-05-19 04:45:33.275303+00:00,2026-01-15 12:23:43.294918+00:00
296,On The President's Orders,presidents-orders,published,COMPLETED,feature,2019,,599207,yes,https://www.youtube.com/watch?v=xukP-PpC3Bo,docsociety.org,Bertha Journalism,,Philippines,,Director:James Jones; Director:Oliver Sarbil,,,,"2020:Photography - Documentary/Factual & Non Drama:Royal Television Society, UK; 2019:Best UK Feature:Raindance Film Festival; 2019:F:ACT Award:CPH:DOX; 2020:Best Cinematography:European Cinematography Awards; 2019:Best Cinematography:New York Cinematography Awards; 2019:Best Cinematography:Canadian Cinematography Awards",2019-03-21 19:39:41.595816+00:00,2026-01-15 12:24:44.112804+00:00
540,Open Shutters,open-shutters,published,COMPLETED,feature,2022,,891804,no,https://www.youtube.com/watch?v=yQr7Pnag0Yw,docsociety.org,Perspective Fund,,South Korea,,"Director, Producer:Youjin Do",,,,,2025-10-21 18:28:23.315319+00:00,2026-01-15 12:26:21.419765+00:00
437,Our Land,our-land,published,COMPLETED,feature,2025,,1480446,no,https://www.youtube.com/watch?v=est-ISGu9D0,"bfi.docsociety.org, docsociety.org",BFI Doc Society Production Fund,"Activism, Environment, Politics",United Kingdom,,Director:Orban Wallace; Producer:Charlie Phillips; Producer:Leo Smith; Producer:Rebecca Wolff; Producer:Orban Wallace,,,Sheffield Doc Fest:2025::no,,2023-02-21 16:50:13.076403+00:00,2026-05-08 21:06:55.717337+00:00
555,ours ~ againn,ours-againn,published,PRODUCTION,short,,,,no,https://vimeo.com/1086777845?fl=pl&fe=cm,"climatestoryunit.org, docsociety.org",Climate Story Fund,,United Kingdom,,"Director, Producer:Hazel Falck; Impact Producer:Flick Monk",,,,,2025-11-07 23:09:43.962535+00:00,2026-01-15 12:31:00.448024+00:00
183,Our School,our-school,published,COMPLETED,short,2005,,158236,no,https://www.youtube.com/embed/iMMAJoghvaA,docsociety.org,,"Human Rights, Society",Romania,"GPHD09, gphg2012",Directors:Mona Nicoara and Miruna Coca-Cozma,http://ourschoolfilm.blogspot.co.uk/,,,,2015-05-19 04:45:34.880487+00:00,2025-11-12 10:19:11.594352+00:00
541,Out Laws,out-laws,published,COMPLETED,feature,2026,,1312997,no,,"democracystoryunit.org, docsociety.org",Better Futures,LGBTQIA+,"Barbados, Namibia, Sri Lanka, United Kingdom",,"Director, Producer:James Lewis; Director, Producer:Lexi Powner",,,,,2025-10-21 19:50:27.542211+00:00,2026-01-20 17:45:23.193713+00:00
227,Out of Mind,out-mind,published,PRODUCTION,short,,,,no,,docsociety.org,,"Justice, Politics",United States,,Director:Kristi Jacobson,,,,,2015-12-10 11:51:17.864419+00:00,2025-11-12 10:21:14.190445+00:00
542,Paradise Valley,paradise-valley,draft,PRODUCTION,feature,,,,no,,"climatestoryunit.org, docsociety.org",,,United States,,Director:Kimberly Reed,,,,,2025-10-21 19:58:39.598659+00:00,2026-03-06 12:55:06.097889+00:00
357,Pemón,pemon,published,COMPLETED,short,2023,,1139180,no,https://www.youtube.com/watch?v=REoD08oruIs&t=1s,"bfi.docsociety.org, docsociety.org",BFI Doc Society: Made of Truth,"Activism, Environment, Human Rights",Venezuela,,Animation Director:Elmaz Ekrem; Director:Brandon Ra Pestano; Producer:Paul Dubois,,,,,2021-04-30 12:04:11.277977+00:00,2026-03-06 13:18:05.976510+00:00
440,Phantom Parrot,phantom-parrot,published,COMPLETED,feature,2023,,1090413,no,https://www.youtube.com/watch?v=dGSlpPepEC0&t=4s,"bfi.docsociety.org, docsociety.org",BFI Doc Society Production Fund,"Justice, Politics, Society",United Kingdom,,Producer: Steven Lake; Director:Kate Stonehill,,GB:Prime Video:https://www.amazon.co.uk/gp/video/detail/B0D8WN78WG/ref=atv_dp; CA:Tubi:https://tubitv.com/movies/100041979/phantom-parrot; US:Tubi:https://tubitv.com/movies/100041979/phantom-parrot; GB:Prime Video:https://www.amazon.co.uk/gp/video/detail/B0D8WN78WG/ref=atv_dp; GB:Prime Video:https://www.amazon.co.uk/gp/video/detail/0J1CHJULDWBV8RSSQSRBS3IGM4/ref=atv_dp,Dokufest International Documentary and Short Film Festival:2023:Truth Award:no; The Hague Movies that Matter Festival:2023:Activist Documentary Award:no,2023:F:ACT Award:CPH:DOX,2023-02-21 16:59:37.123185+00:00,2026-01-15 12:41:31.706625+00:00
339,Philly D.A.,philly-district-attorney,published,COMPLETED,episodic,2021,,127435,yes,https://www.youtube.com/watch?v=GGZe9ygc5-s,"docsociety.org, thresholdfund.org","Better Futures, Threshold",,United States,,Director:Ted Passon; Director:Yoni Brook,,,Hot Docs Canadian International Documentary Festival:2021:Deep Dive:no,"2021:Breakthrough Nonfiction Series:Gotham Awards; 2021:Best New Non-Scripted or Documentary Series:Film Independent Spirit Awards; 2022:Best Multi-Part Documentary:International Documentary Association; 2022:Documentary:Peabody Awards; 2022:Outstanding Nonfiction Series:Cinema Eye Honors Awards, US",2020-12-03 17:59:19.292578+00:00,2026-01-15 12:45:03.846619+00:00
8,Ping Pong,ping-pong,published,COMPLETED,feature,2011,76,122597,no,https://www.youtube.com/watch?v=LezVcruUweA,docsociety.org,Foundation,"Health, Society",China,gpuk2010,Producer:Hugh Hartford,http://pingpongfilm.co.uk/,,,,2015-05-19 04:45:30.923987+00:00,2026-01-15 12:46:58.170909+00:00
536,Pink Haired Whistleblower,pink-haired-whistleblower,published,COMPLETED,feature,2018,,,no,,docsociety.org,Bertha Journalism,,United Kingdom,,Director:Marc Silver,,,,,2025-10-21 17:46:03.426008+00:00,2025-11-12 10:33:19.744872+00:00
299,Plan C For Civilization,plan-c-civilization,published,PRODUCTION,short,,,,no,https://www.youtube.com/watch?v=Z8OIjLT0HiA,docsociety.org,,,United States,,Producer:Jean Schneider; Director:Ben Kalina; Producer:Ben Kalina,,,,,2019-04-16 19:42:33.936004+00:00,2026-01-15 12:50:17.149611+00:00
165,Please Remember Me,please-remember-me,published,COMPLETED,short,2016,,515811,no,,docsociety.org,,,China,,Director:Zhao Qing,,,Guangzhou International Documentary Film Festival:2016:Best Documentary Feature:no,,2015-05-19 04:45:34.330891+00:00,2025-12-12 17:57:42.387683+00:00
128,"Poetry Is an Island, Derek Walcott",the-island-of-derek-walcott,published,COMPLETED,short,2014,80,1257891,no,https://www.youtube.com/embed/7zWLloaVgPg,docsociety.org,,Art & Culture,"Netherlands, Saint Lucia",,Director:Ida Does,http://www.walcottfilm.com/,,,,2015-05-19 04:45:33.421270+00:00,2025-11-12 10:38:15.928209+00:00
388,Poly Styrene: I am a Cliche,poly-styrene-i-am-cliche,published,COMPLETED,feature,2023,,455889,no,https://www.youtube.com/watch?v=Zy_uKE-HeOo,"bfi.docsociety.org, docsociety.org",BFI Doc Society Production Fund,Art & Culture,United Kingdom,,Director:Paul Sng; Director:Celeste Bell; Producer:Rebecca Mark-Lawson,,,,,2022-03-31 10:11:46.482457+00:00,2026-01-15 12:55:09.694007+00:00
588,Portrait of Girl/Girlhood,portrait-of-girlgirlhood,published,PRODUCTION,short,,,,no,,"bfi.docsociety.org, docsociety.org",BFI Doc Society: Made of Truth,"Justice, Society",United Kingdom,,Director:Miranda Stern; Producer:Ashionye Ogene,,,,,2026-02-02 17:38:42.790321+00:00,2026-02-02 17:38:42.790339+00:00
560,Power to Country,power-to-country,published,COMPLETED,short,2023,,1142841,no,,climatestoryunit.org,,,Australia,,Director:Josef Jakamarra Egger; Producer:Andrea Distefano; Supervising Director:Genevieve Grieves; Co-producer:Maya Ghattas,,,,,2025-11-08 00:18:44.206918+00:00,2026-03-09 10:38:25.874445+00:00
544,Prison for Profit,prison-for-profit,published,COMPLETED,feature,2019,,670483,no,https://www.youtube.com/watch?v=jBfCG6_D1NQ,docsociety.org,Bertha Journalism,,South Africa,,"Director, Producer:Ilse van Velzen; Director, Producer:Femke van Velzen",,,,,2025-10-22 21:59:04.495806+00:00,2026-01-15 12:59:56.337129+00:00
358,Project Dastaan: Child of Empire,project-dastaan-child-empire,published,COMPLETED,vr_ar,2023,,1009645,no,https://www.youtube.com/watch?v=93rviHKA71I,"bfi.docsociety.org, docsociety.org",BFI Doc Society: Made of Truth,"Human Rights, Justice, Politics","India, Pakistan",,Producer:Sparsh Ahuja; Director:Erfan Saadati,,,,,2021-04-30 12:12:49.409834+00:00,2026-01-15 13:01:45.768509+00:00
6,PROJECT WILD THING,project-wild-thing,published,COMPLETED,short,2013,80,223519,no,https://www.youtube.com/watch?v=0JuT43kaoUg,docsociety.org,Foundation,"Environment, Health",United Kingdom,gpeu2011,Producer:Ashley Jones; Director:David Bond,https://projectwildthing.com/; https://projectwildthing.com/thewildnetwork,,,,2015-05-19 04:45:30.885738+00:00,2026-01-15 13:03:16.456864+00:00
202,Pussy Riot - A Punk Prayer,pussy-riot-a-punk-prayer,published,COMPLETED,feature,2013,88,159032,no,https://www.youtube.com/watch?v=E8K8WRRzbQs&rco=1,docsociety.org,"Bertha Journalism, Better Futures","Activism, Art & Culture, Society",Russia,,Directors:Mike Lerner  &  Maxim Pozdorovkin,,,,2024:Sundance - Special Jury Award:; 2024:BIFA Best Documentary:; 2024:EMMY Best Music Award:,2015-05-19 04:45:35.247882+00:00,2026-01-15 13:05:04.865752+00:00
482,Queendom,queendom,published,COMPLETED,feature,2023,,951036,no,https://www.youtube.com/watch?v=7UviaVo1QbI,docsociety.org,Better Futures,LGBTQIA+,Russia,,Producer:Igor Myakotin; Producer:Agniia Galdanova; Executive producer:Arnaud Borges,,FR:Prime Video:https://www.primevideo.com/detail/0NYMN6JU0G3GP2C4L62LEY2M0J/ref=atv_dp; FR:Prime Video:https://www.primevideo.com/detail/0NYMN6JU0G3GP2C4L62LEY2M0J/ref=atv_dp,"International Documentary Association:2024:Best Feature Documentary:no; London Film Festival:2024:Documentary Film:no; Munich Film Festival:2023:CineRebels Award:no; Palm Springs International Film Festival:2024:Best Documentary:no; SXSW Film Festival:2023:Documentary Feature:no; Athens International Film Festival:2023:Best Documentary:no; Zurich Film Festival:2023:Best International Documentary Film:no; Zurich Film Festival:2023:Best International Documentary Film:no; Reykjavik International Film Festival:2023:Best Documentary:no; Cinema Eye Honors Awards, US:2025:Outstanding Achievement in Visual Design:no; Dokufest International Documentary and Short Film Festival:2023:Human Rights Dox:no; International Documentary Association:2024:Best Director:no; Montclair Film Festival (MFF):2023:Bruce Sinofsky Prize for Documentary Feature:no","2023:CineRebels Award - Honorable Mention:Munich Film Festival; 2023:Best Documentary:Athens International Film Festival; 2023:NEXT:WAVE Award:CPH:DOX; 2025:NEXT:WAVE Award:CPH:DOX; 2024:Best Cinematography:International Documentary Association; 2023:International Documentary Film:Zurich Film Festival; 2023:Best Film:Zurich Film Festival; 2023:Best Documentary:Camden International Film Festival; 2025:The Unforgettables:Cinema Eye Honors Awards, US; 2023:Best Documentary:LesGaiCineMad, Madrid International LGBT Film Festival; 2023:Best Documentary Director:LesGaiCineMad, Madrid International LGBT Film Festival; 2024:Documentary Competition:LGBT+ Film Festival Poland; 2024:Documentary Feature:L.A. Outfest",2024-08-08 15:37:55.760805+00:00,2026-01-20 17:44:37.423149+00:00
455,Queens of Joy,queens-of-joy,published,PRODUCTION,feature,,,1446171,no,https://www.youtube.com/watch?v=0aqpn5z_kjk,"democracystoryunit.org, docsociety.org",Better Futures,,Ukraine,,Producer:Ivanna Khitsinska; Producer:Louis Beaudemont; Director:Olga Gibelinda,,,,,2023-11-29 17:27:57.284670+00:00,2026-01-15 13:02:26.444422+00:00
448,Rabbit,rabbit,published,PRODUCTION,feature,2024,,,no,,"bfi.docsociety.org, docsociety.org",BFI Doc Society Production Fund,"Human Rights, LGBTQIA+",Germany,,Producer:Mark Lacey; Director:Chloë Fairweather,,,,,2023-02-21 17:38:33.217008+00:00,2025-11-12 10:56:13.442196+00:00
235,Radicals,radicals,published,PRODUCTION,short,,,,no,,docsociety.org,Liminal Fund,"Politics, Society",Afghanistan,,Director:Jehane Noujaim,,,,,2016-06-29 10:14:24.419913+00:00,2025-11-12 10:58:14.267482+00:00
366,Radio Savia (Podcast),radio-savia-podcast,published,COMPLETED,short,2022,,,yes,https://www.youtube.com/watch?v=Sd0RuCt_wk4,"climatestoryunit.org, docsociety.org",Climate Story Fund,,Colombia,,Producer:Ana Maytik Avirama; Producer:Daniela Fontaine,,,,,2021-11-04 17:08:36.553879+00:00,2026-01-15 13:14:31.558551+00:00
359,Rage in Many Languages,rage-many-languages,published,PRODUCTION,short,,,,no,,"bfi.docsociety.org, docsociety.org",BFI Doc Society: Made of Truth,"Activism, Art & Culture, Health, Mental Health",,,Director:Be Manzini,,,,,2021-04-30 12:15:34.315101+00:00,2025-09-01 15:08:19.351394+00:00
508,Raiz,raiz,published,COMPLETED,feature,2024,,1232710,no,https://www.youtube.com/watch?v=mVAYz0iBeSE,"climatestoryunit.org, docsociety.org",Climate Story Fund,,Peru,,Producer:Diego Sarmiento; Producer:Jorge Constantino; Producer:Annemarie Gunkel; Writer:Annemarie Gunkel; Writer:Alicia Quispe; Director:Franco García Becerra; Producer:Franco García Becerra,,,,,2025-02-24 16:38:20.137409+00:00,2026-02-20 12:45:20.127885+00:00
502,RAP BABY,rap-baby,published,PRODUCTION,short,,,,no,,"bfi.docsociety.org, docsociety.org",BFI Doc Society: Made of Truth,,United Kingdom,,Director:Daisy Ifama; Producer:Daisy Taylor,,,,,2024-12-12 14:53:33.560412+00:00,2025-11-12 11:04:08.257136+00:00
338,Razing Liberty Square,razing-liberty-square,published,COMPLETED,feature,,,1105974,yes,https://www.youtube.com/watch?v=MGN0v49vhyU,"docsociety.org, thresholdfund.org",Threshold,,United States,,Producer:Ann Bennett; Director:Katja Esson,,,,,2020-12-03 16:51:02.088981+00:00,2026-01-15 13:25:41.152991+00:00
375,Rebellion,rebellion,published,COMPLETED,feature,2021,82,893480,yes,https://www.youtube.com/watch?v=_N0pFewVo-M,"bfi.docsociety.org, climatestoryunit.org, docsociety.org","BFI Doc Society Production Fund, Better Futures, Climate Story Fund","Activism, Environment",United Kingdom,,Producer:Kat Mansoor; Director:Maia Kenworthy; Director:Elena Sanchez,,,Philadelphia Film Festival:2022:Student Choice Award:no; Philadelphia Film Festival:2022:Best Documentary Feature:no,"2022:New Talent Award:DocsBarcelona, ES; 2022:Best Ecology Themed Documentary:Millennium Docs Against Gravity; 2022:Best Documentary DocsBarcelona TV3 Award:DocsBarcelona, ES; 2023:Outstanding Debut by a British Writer, Director, or Producer:BAFTA Awards",2021-11-09 15:33:21.343765+00:00,2026-01-15 13:27:18.968553+00:00
278,Recovery Boys,recovery-boys,published,COMPLETED,feature,2018,89,522393,no,https://www.youtube.com/watch?v=XSS9kYipRLk,"docsociety.org, thresholdfund.org",Threshold,,United States,,Director:Elaine McMillion Sheldon; Producer:Kerrin Sheldon; Producer:Elaine McMillion Sheldon,http://recoveryboysthefilm.com/resources/,,,,2018-08-20 14:18:41.681098+00:00,2025-11-12 11:10:48.937570+00:00
393,Red Herring,red-herring,published,COMPLETED,feature,2022,,1089450,no,https://www.youtube.com/watch?v=iMMIbKSZsdw,"bfi.docsociety.org, docsociety.org",BFI Doc Society Production Fund,Mental Health,United Kingdom,,Producer:Dea Gjinovci; Director:Kit Vincent; Producer:Ed Owles,,,,,2022-03-31 11:03:46.973481+00:00,2026-01-15 13:29:33.450008+00:00
400,Red Moon,red-moon,draft,COMPLETED,feature,,,1242408,no,,docsociety.org,BFI Doc Society Production Fund,,"Algeria, Armenia",,Producer:Luke W Moody; Director:Nelly Ben Hayoun Stepanian,,,,,2022-03-31 13:38:24.883112+00:00,2025-11-12 11:18:14.227671+00:00
520,Re-Evaluation,re-evaluation,published,PRODUCTION,feature,,,,no,,"bfi.docsociety.org, docsociety.org",BFI Doc Society Production Fund,,United Kingdom,,Editor:Isidore Bethel; Production Manager:Emma Norton; Co-Producer:Florrie Priest; Consultant Psychotherapist:Rebecca Day; Executive Producer:Robert Greene; Cinematographer:Ronnie McQuillan; Director/Producer/Cinematographer:Toby Bull; Producer:Kat Mansoor,,,,,2025-07-31 15:53:58.724182+00:00,2025-11-12 11:18:07.040615+00:00
454,Remaining Native,remaining-native,published,PRODUCTION,feature,,,1422027,no,https://www.youtube.com/watch?v=kd7JVMRRj_o,"climatestoryunit.org, docsociety.org, thresholdfund.org","Climate Story Fund, Threshold",,United States,,Director:Paige Bethmann; Producer:Jessica Epstein,,,,,2023-10-24 20:17:12.736880+00:00,2026-01-15 13:33:32.468764+00:00
260,Rescue Breath,rescue-breath,draft,COMPLETED,short,,,,no,,docsociety.org,,Society,United States,gpny2016,Director:Elaine Sheldon ,,,,,2017-04-26 14:15:05.050906+00:00,2026-03-09 10:52:36.573640+00:00
40,Reunion,reunion,published,COMPLETED,short,2006,40,,no,,docsociety.org,Foundation,,United States,,Director:Monica Magyarosy,,,,,2015-05-19 04:45:31.504702+00:00,2025-11-13 12:55:37.222617+00:00
433,r/evolution: An American Tech Story,revolution-american-tech-story,published,PRODUCTION,short,,,,no,,"docsociety.org, thresholdfund.org",Threshold,,United States,,Director:Lerone D. Wilson; Producer:Andrea Mustain,,,,,2023-01-18 19:05:02.593104+00:00,2025-11-12 11:27:46.237882+00:00
594,Riding Time,riding-time,published,COMPLETED,short,2026,,,no,https://www.youtube.com/watch?v=eVAJ9Uvf96Y,"bfi.docsociety.org, docsociety.org",BFI Doc Society: Made of Truth,"Identity, Society",United Kingdom,,Director:Roopa Gogineni; Director:Farhaan Mumtaz Husain; Producer:Fahd Ahmed; Producer:Roopa Gogineni,,,Berlin International Film Festival:2026::yes,,2026-04-28 10:14:15.828531+00:00,2026-04-28 10:14:15.828551+00:00
240,Riotsville,riotsville,published,COMPLETED,feature,2017,,,no,https://www.youtube.com/watch?v=Pfxelk8-gTU,docsociety.org,Pulse Doc Society Genesis,Society,United States,,Director:Sierra Pettengill,,,Frameline San Francisco International LGBTQ Film Festival:2022:Best Documentary Feature:no; Seattle International Film Festival:2022:Documentary Competition Award:no; Sundance:2022:NEXT Innovator Award:no; CPH:DOX:2022:NEXT:WAVE Award:no; Minneapolis St. Paul International Film Festival:2022:Best Documentary:no; International Documentary Association:2022:Video Source Award:no,"2022:Outstanding Achievement in Editing:Cinema Eye Honors Awards, US; 2022:Best Narration:Critics' Choice Documentary Awards; 2022:Best Archival Documentary:Critics' Choice Documentary Awards; 2023:Best Documentary:Film Independent Spirit Awards",2016-06-29 10:47:56.719157+00:00,2026-01-15 13:56:42.354321+00:00
376,River of Grass,river-grass,published,COMPLETED,feature,2025,,1430055,no,https://www.youtube.com/watch?v=A17GnLP3DHA,docsociety.org,Perspective Fund,,United States,,Producer:Danielle Varga; Director:Sasha Wortzel,,,,,2021-11-09 22:46:34.505966+00:00,2026-01-16 16:59:01.784233+00:00
564,Roadkill Warriors,roadkill-warriors,draft,PRODUCTION,short,,,,no,,climatestoryunit.org,,,Australia,,Director:Lara van Raay,,,,,2025-11-11 16:29:22.125973+00:00,2026-03-09 11:07:27.065033+00:00
137,Rollaball,rollaball,published,PRODUCTION,short,,,,no,,docsociety.org,,"Health, Society",Ghana,,Director:Eddie Edwards,http://rollaballmovie.com/,,,,2015-05-19 04:45:33.573316+00:00,2025-11-12 11:31:07.998015+00:00
219,Roll Red Roll,roll-red-roll,published,COMPLETED,feature,2018,80,509904,no,https://www.youtube.com/watch?v=20QK9vJCN30,"docsociety.org, thresholdfund.org","Bertha Journalism, Perspective Fund, Threshold","Justice, Society",United States,gpny2015,Director:Nancy Schwartzman; Producer: Steven Lake; Producer:Jessica Devaney; Producer:Nancy Schwartzman,https://rollredrollfilm.com,,Florida Film Festival:2019:Best Documentary Feature - Grand Jury Award:no; Nantucket Film Festival:2019:Adrienne Shelley Excellence in Filmmaking Award:no; BendFilm Festival:2019:Best Feature - Best of Show:no; Chagrin Documentary Film Festival:2018:Best Film - Social Awareness Award:no; Middlebury New Filmmakers Festival:2018:Clio Visualizing History Award - VTeddy Award:no; Monmouth Film Festival:2018:Best Feature Documentary - Jury Award:no; Cleveland International Film Festival:2019:Local Heroes Competition:no,"2019:Spotlight Award:Cinema Eye Honors Awards, US",2015-11-03 17:06:23.088482+00:00,2026-01-16 17:02:44.402751+00:00
487,"Rotimi, Becoming",rotimi-becoming,published,PRODUCTION,feature,,,,no,,"bfi.docsociety.org, docsociety.org",BFI Doc Society: RAD Fund,,United Kingdom,,Director:Joseph Adesunloye,,,,,2024-08-28 13:10:26.379903+00:00,2025-11-12 11:35:45.076826+00:00
503,Sacred Kinship Anthem,sacred-kinship-anthem,draft,PRODUCTION,short,,,,no,,docsociety.org,BFI Doc Society: Made of Truth,,,,Director:Evan Ifekoya; Producer:Ese Jade Onojeruo,,,,,2024-12-12 15:49:27.741254+00:00,2024-12-12 15:49:27.741319+00:00
41,Sargy Mann,sargy-mann,published,COMPLETED,short,2006,40,1140871,no,https://www.youtube.com/watch?v=XNteWnGXRaU,docsociety.org,Foundation,,"Italy, United Kingdom",,Director:Peter Mann,,,,,2015-05-19 04:45:31.524189+00:00,2026-01-15 13:08:45.340408+00:00
581,Savage World (working title),savage-world,published,PRODUCTION,short,,,,no,,"bfi.docsociety.org, docsociety.org",BFI Doc Society: Made of Truth,Art & Culture,United Kingdom,,Director:Adam Lewis Jacob; Producer:Benjamin Cook,,,,,2026-01-20 16:54:54.368185+00:00,2026-02-02 17:40:15.639296+00:00
228,Say Something,say-something,published,COMPLETED,short,2015,,382358,no,,docsociety.org,,"Health, Society",Sweden,,Director:Asa Ekman; Producer:Oscar Hedin,http://saysomethingdoc.org,,,,2015-12-10 12:00:10.490168+00:00,2025-11-12 11:39:04.758241+00:00
346,Scala!!!,scala-club-cinema,published,COMPLETED,feature,2023,,26468,no,,,BFI Doc Society Production Fund,Art & Culture,United Kingdom,,Director:Jane Giles; Director: Ali Catterall; Producer:Andy Starke; Producer:Jim Reid; Producer:Alan Marke,,,,,2021-01-27 18:36:03.602306+00:00,2026-03-09 12:06:59.606670+00:00
504,School Reel (working title),school-reel-working-title,published,PRODUCTION,short,,,,no,,"bfi.docsociety.org, docsociety.org",BFI Doc Society: Made of Truth,,United Kingdom,,Director:Rabie Mustapha; Producer:Chris Kelly,,,,,2024-12-12 16:58:23.778104+00:00,2025-11-12 11:41:46.488550+00:00
383,Seeds,seeds,published,PRODUCTION,feature,,,1400783,no,https://www.youtube.com/watch?v=2L8h9IDsfXc,"docsociety.org, thresholdfund.org",Threshold,,United States,,Producer:Danielle Varga; Director:Brittany Shyne,,,,,2021-11-10 16:46:43.919059+00:00,2026-01-15 13:14:39.842660+00:00
420,Self-demarcation Now!,self-demarcation-and-surveillance-sawre-muybu-it-indigenous-territory,published,COMPLETED,short,2022,,,yes,,"climatestoryunit.org, docsociety.org",Climate Story Fund,"Environment, Human Rights, Identity, Justice",Brazil,,,,,,,2022-09-08 13:16:58.687694+00:00,2025-11-12 11:45:04.521697+00:00
13,Self Made,self-made,published,COMPLETED,short,2010,85,113963,no,https://www.youtube.com/embed/dj3_CaJOgCk,docsociety.org,Foundation,Art & Culture,United Kingdom,,Director:Gillian Wearing,http://selfmade.org.uk/,,,,2015-05-19 04:45:31.014899+00:00,2025-11-12 11:46:53.567897+00:00
33,Semangat (Spirit),semangat-spirit,published,COMPLETED,short,2009,44,,no,,docsociety.org,Foundation,,Malaysia,,Directors:Adam Gutch  &  Chu-Li Shewring,,,,,2015-05-19 04:45:31.379414+00:00,2026-01-15 13:22:24.229763+00:00
214,Seven Songs for a Long Life,seven-songs-long-life,published,COMPLETED,short,2015,,381056,no,https://www.youtube.com/watch?v=7KRr5pk6ZyQ,docsociety.org,,"Health, Mental Health",United Kingdom,,Producer:Amy Hardie; Producer:Sonja Henrici; Director:Amy Hardie,http://www.sevensongsfilm.com/,CA:Tubi:https://tubitv.com/movies/701489/seven-songs-for-a-long-life; US:Tubi:https://tubitv.com/movies/701489/seven-songs-for-a-long-life,,,2015-09-02 09:29:51.050548+00:00,2026-01-15 13:24:16.899096+00:00
131,Shadow Girl,shadow-girl,published,COMPLETED,short,2016,,446641,no,https://www.youtube.com/watch?v=4zwAPtlZ7TQ,docsociety.org,,,Chile,,Director:Maria Teresa Larrain,,,,2017:Award of Excellence:IndieFEST Film Awards,2015-05-19 04:45:33.468911+00:00,2026-01-15 13:25:11.978680+00:00
204,Shadow World,shadow-world,published,COMPLETED,short,,94,390410,no,https://www.youtube.com/watch?v=CuwQlsTXYw8,docsociety.org,Circle Fund,Politics,"Belgium, Denmark, United States",gpeu2013,Producer:Joslyn Barnes ; Director:Johan Grimonprez,http://shadowworldfilm.com/,US:Tubi:https://tubitv.com/movies/466944/shadow-world; US:Apple TV:https://tv.apple.com/us/movie/shadow-world/umc.cmc.p84r5viqdt3wparw5wp4puh9?playableId=tvs.sbd.9001%3A1165255502; US:Apple TV:https://tv.apple.com/us/movie/shadow-world/umc.cmc.p84r5viqdt3wparw5wp4puh9?playableId=tvs.sbd.9001%3A1165255502,,,2015-05-19 04:45:35.287064+00:00,2025-11-12 11:56:05.178724+00:00
86,Shattered Pieces of Peace,shattered-pieces-of-peace,published,PRODUCTION,short,,,,no,,docsociety.org,,"Human Rights, LGBTQIA+",Eswatini,,Director:Nonhlanhla Dlamini,,,,,2015-05-19 04:45:32.604591+00:00,2025-11-12 11:57:43.806283+00:00
58,Shelter in Place,shelter-in-place,published,COMPLETED,short,2009,48,760990,no,https://www.youtube.com/embed/WHE2e4J4NRQ,docsociety.org,Foundation,"Environment, Society",United States,,Directors:Zed Nelson (director)  &  Hannah Patterson (producer),,,,,2015-05-19 04:45:31.829064+00:00,2025-11-13 12:56:30.248800+00:00
582,Shindiana: Legend of The Shin Kick,shindiana-legend-of-the-shin-kick,published,PRODUCTION,short,,,,no,,"bfi.docsociety.org, docsociety.org",,Society,United Kingdom,,Director:Luke Dell; Producer:Elliott Johns,,,,,2026-01-20 16:59:30.926741+00:00,2026-02-02 17:40:40.778208+00:00
237,Shirkers,shirkers,published,COMPLETED,short,2018,,489994,no,https://www.youtube.com/watch?v=u3wPWCj2L6I,docsociety.org,Pulse Doc Society Genesis,"Art & Culture, Society",Singapore,,Director:Sandi Tan,,,,,2016-06-29 10:31:01.800685+00:00,2026-01-15 13:32:33.052176+00:00
335,Shy Radicals,shy-radicals,published,PRODUCTION,short,,,1393354,no,https://www.youtube.com/watch?v=4bOXB5A9l7I,"bfi.docsociety.org, docsociety.org",BFI Doc Society: Made of Truth,"Activism, Identity, Society",United Kingdom,,Director:Tom Dream ; Producer:Holly Wolfers,,,,,2020-04-08 19:59:44.309916+00:00,2026-01-15 13:33:49.455919+00:00
519,Sidelines,sidelines,published,PRODUCTION,feature,,,,no,,"bfi.docsociety.org, docsociety.org",BFI Doc Society Production Fund,,France,,Executive Producer:Camilla Hall; Co-Producer:Rhodri Lowis; Director/Producer:Erin Sayder; Director/Producer:Rita Baghdadi,,,,,2025-07-30 11:14:19.883858+00:00,2025-11-12 12:29:43.844220+00:00
557,Singing Back the Buffalo,singing-back-the-buffalo,published,COMPLETED,feature,2024,,1265490,no,https://www.youtube.com/watch?v=xshtMcU6fZE,climatestoryunit.org,,,Canada,,Director:Tasha Hubbard; Producer:Tasha Hubbard; Producer:George Hupka; Producer:Jason Ryle,,,,,2025-11-07 23:37:23.655745+00:00,2026-03-09 12:27:58.441924+00:00
360,Skyward,skyward,published,COMPLETED,short,2022,,1020305,no,https://www.youtube.com/watch?v=jOXNm9MaPro,"bfi.docsociety.org, docsociety.org",BFI Doc Society: Made of Truth,Environment,United Kingdom,,Producer:Laura Shacham; Director:Jessica Bishopp,,,,,2021-04-30 12:17:59.985772+00:00,2026-01-15 13:39:19.282207+00:00
49,Small Town Boy,small-town-boy,published,COMPLETED,short,2007,23,687219,no,https://www.youtube.com/watch?v=Jyr0d0vAtHQ,docsociety.org,Foundation,LGBTQIA+,United Kingdom,,Director:Moby Longinotto,,,,,2015-05-19 04:45:31.669815+00:00,2026-01-15 13:41:18.142047+00:00
321,Socks on Fire,socks-fire,published,COMPLETED,short,,,685267,yes,https://www.youtube.com/watch?v=tVT4-idcI4g,docsociety.org,Circle Fund,,United States,,Director:Bo McGuire,,,,,2020-02-24 15:27:35.339067+00:00,2026-01-15 13:42:53.579564+00:00
387,Softie,softie,published,COMPLETED,feature,2020,96,653761,no,https://www.youtube.com/watch?v=SbBF4C1Ibgw,docsociety.org,"Bertha Journalism, Better Futures","Activism, Politics",Kenya,,Producer:Toni Kamau; Director:Sam Soko,,,Bergen International Film Festival:2020:Checkpoints Award:no; Durban International Film Festival:2020:Best Documentary:no; Guanajuato International Film Festival:2020:Best International Documentary Feature:no; El Gouna Film Festival:2020:Feature Documentary Competition:no; History Film Festival:2021:Best Independent Film:no; Sundance:2021:World Cinema - Documentary:no,"2021:Best Feature:International Documentary Association; 2021:Outstanding Producer of Documentary Theatrical Motion Pictures:PGA Awards; 2021:Cinema for Peace Dove for The Political Film of the Year:Cinema for Peace Awards; 2021:The Unforgettables:Cinema Eye Honors Awards, US; 2021:Outstanding Achievement in a Debut Feature Film:Cinema Eye Honors Awards, US; 2021:Best Feature Documentary:One World Media Awards; 2021:Best Documentary:African Movie Academy Awards",2021-12-16 15:03:36.628406+00:00,2026-01-15 13:44:17.392098+00:00
328,Somalinimo,somalinimo,published,PRODUCTION,short,,,855647,yes,https://youtu.be/GsPy1guOctw,"bfi.docsociety.org, docsociety.org",BFI Doc Society: Made of Truth,Society,United Kingdom,,"Writer, Producer:Awa Farah; Producer:Chloe Abrahams; Producer:Julie Vergez; Director:Alice Aedy ",,,,,2020-04-08 19:23:45.250181+00:00,2026-01-15 13:46:40.947261+00:00
523,Something Familiar,something-familiar,published,PRODUCTION,feature,,,1559638,no,,"bfi.docsociety.org, docsociety.org",BFI Doc Society Production Fund,,Ireland,,Director:Rachel Close; Producer:Monica Lazurean-Gorgan; Producer:Elena Martin; Producer:Aleksandra Bilić; Producer:Dermot O'Dempsey,,,,,2025-08-05 17:05:29.643483+00:00,2025-11-12 12:54:43.168136+00:00
473,"Something Glamorous, Something Awkward",something-glamorous-something-awkward,published,PRODUCTION,short,2024,,1548954,no,,,BFI Doc Society: Made of Truth,"Art & Culture, Mental Health, Society",United Kingdom,,Director:Leanne Dimant; Producer:Lucy Owen,,,,,2024-04-22 11:06:08.568587+00:00,2026-03-09 13:03:50.339325+00:00
70,Songs From The Building,songs-from-the-building,published,PRODUCTION,short,,,,no,,docsociety.org,,,Cambodia,,Director:Koam Chanrasmey,,,,,2015-05-19 04:45:32.135446+00:00,2025-11-12 12:59:55.321672+00:00
42,Sooner or Later,sooner-or-later,published,COMPLETED,short,2006,85,659250,no,,docsociety.org,Foundation,,United States,,Director:Paul J Cronin,,,,,2015-05-19 04:45:31.540760+00:00,2025-11-12 13:02:04.489828+00:00
568,Soulèvements / Uprisings,soulevements,published,COMPLETED,feature,2025,,,no,,climatestoryunit.org,Climate Story Fund,,France,,"Director:Thomas Lacoste; Producer, Impact producer:Julie Paratian; Producer, Impact producer:Lucie Corman",,,,,2025-11-13 14:05:23.756434+00:00,2025-11-26 13:33:43.112446+00:00
22,Sounds Like Teen Spirit: a Popumentary,sounds-like-teen-spirit-a-popumentary,published,COMPLETED,short,2009,89,37081,no,https://www.youtube.com/watch?v=K0wMn3cMrnI&t=1s,docsociety.org,Foundation,Art & Culture,"Belgium, Bulgaria, Cyprus, Georgia, Netherlands",,Director & Writer:Jamie Jay Johnson,,US:Apple TV:https://tv.apple.com/us/movie/sounds-like-teen-spirit/umc.cmc.1izif7okon3ovm4qa7emeeef; US:Apple TV:https://tv.apple.com/us/movie/sounds-like-teen-spirit/umc.cmc.1izif7okon3ovm4qa7emeeef,,,2015-05-19 04:45:31.161565+00:00,2026-01-15 13:57:32.891719+00:00
150,Southern Rites,southern-rites,published,COMPLETED,short,2015,87,337944,no,https://www.youtube.com/embed/pg9qpUIS0rg,docsociety.org,,Society,United States,,Director:Gillian Laub,http://www.southernritesproject.com/,,,,2015-05-19 04:45:33.876036+00:00,2025-11-12 13:03:46.467855+00:00
332,Speaking in Silence,speaking-silence,published,PRODUCTION,short,,,,no,,"bfi.docsociety.org, docsociety.org",BFI Doc Society: Made of Truth,"Disability, Society",,,Producer:Brian Henry Martin; Director:Zoe Tweedy,,,,,2020-04-08 19:51:09.063172+00:00,2025-09-01 15:08:43.005591+00:00
43,Specky,specky,published,COMPLETED,,2006,20,,no,,docsociety.org,Foundation,,,,:Anne-Claire Pilley,,,,,2015-05-19 04:45:31.557972+00:00,2023-07-05 09:35:38.170544+00:00
115,Speed Sisters,speed-sisters,published,COMPLETED,short,2015,80,339744,no,https://www.youtube.com/watch?v=GNC9FAtHkyU,docsociety.org,,"Politics, Society","Jordan, Palestine, United Kingdom",gpeu2013,Director:Amber Fares,http://www.speedsisters.tv/,,,,2015-05-19 04:45:33.165947+00:00,2026-01-16 16:28:04.354399+00:00
187,State Builders,state-builders,published,COMPLETED,short,2013,75,615098,no,https://www.youtube.com/embed/fa_vS9Otrng,docsociety.org,Bertha Journalism,,Sudan,gpeu2012,Director:Anne Poiret and; Florence Martin-Kessler,http://www.quarkprod.com/films/state-builders/?lang=en#.VXAmQF5MYio,,,,2015-05-19 04:45:34.968384+00:00,2025-11-12 13:09:44.658272+00:00
47,Steal This Film II,steal-this-film-ii,published,COMPLETED,short,2007,60,15323,no,,docsociety.org,Foundation,,Sweden,,Director:Jamie King,,,,,2015-05-19 04:45:31.629453+00:00,2025-11-12 14:06:27.634839+00:00
434,"Steal This Story, Please!",story-amy-goodman,published,COMPLETED,feature,,,1492865,no,,"docsociety.org, thresholdfund.org",Threshold,,United States,,Director:Tia Lessin; Director:Carl Deal; Producer:Karen Ranucci,,,,,2023-01-18 19:13:59.328221+00:00,2026-03-19 14:05:32.266017+00:00
500,Stepney Western,stepney-western,published,COMPLETED,short,2025,,1435521,no,,"bfi.docsociety.org, docsociety.org",BFI Doc Society: Made of Truth,,United Kingdom,,Director:Harry Lawson; Producer:Annie Flynn,,,,,2024-12-12 14:29:05.444533+00:00,2025-11-12 13:15:07.280644+00:00
442,Still Pushing Pineapples,still-pushing-pineapples,published,COMPLETED,feature,2025,,1480460,no,https://www.youtube.com/watch?v=Lk3YwueApIc,"bfi.docsociety.org, docsociety.org",BFI Doc Society Production Fund,Society,"Spain, United Kingdom",,Producer:Margareta Szabo; Director:Kim Hopkins; Co-Producer:Nan Davis,,,Sheffield Doc Fest:2025::yes,,2023-02-21 17:19:49.810232+00:00,2026-01-16 16:39:12.811174+00:00
55,Stone Pastures,stone-pastures,published,COMPLETED,short,2008,65,1371080,no,,docsociety.org,Foundation,,China,,Director:Donagh Coleman,,,,,2015-05-19 04:45:31.770222+00:00,2025-11-12 14:10:37.082157+00:00
515,Strike: An Uncivil War,strike-an-uncivil-war,published,COMPLETED,feature,2024,,1293768,no,https://www.youtube.com/watch?v=7gJUcS1yalw,"bfi.docsociety.org, docsociety.org",BFI Doc Society Production Fund,"Activism, Justice",United Kingdom,,Director:Daniel Gordon; Producer:Nick Taussig,,IE:Netflix:https://www.netflix.com/title/81769948/; GB:Netflix:https://www.netflix.com/title/81769948/,,,2025-07-25 14:57:13.291861+00:00,2026-01-16 16:42:57.220272+00:00
558,Sugarcane,sugarcane,published,COMPLETED,feature,2024,,158874,no,https://www.youtube.com/watch?v=CisI_WFPDOk,climatestoryunit.org,Climate Story Fund,,Canada,,Producer:Kellen Quinn; Director:Julian Brave NoiseCat; Director:Emily Kassie,,,,,2025-11-07 23:58:32.847607+00:00,2026-03-09 13:17:37.675357+00:00
347,Super Nature,nature-hunter,published,PRODUCTION,feature,,,1540865,no,,"bfi.docsociety.org, docsociety.org",BFI Doc Society Production Fund,Environment,"Argentina, Australia, Brazil, Costa Rica, France, Grenada, Iceland, India, Indonesia, Italy, Jordan, Kenya, Mexico, Netherlands, Norway, Pakistan, Portugal, Saint Vincent and the Grenadines, South Africa, Thailand, Ukraine, United Kingdom, United States",,Director:Ed Sayers; Producer:Rebecca Wolff; Producer:Ed Sayers ,,,,,2021-01-27 18:41:39.381398+00:00,2025-11-12 14:21:01.497839+00:00
209,Survivors,survivors,published,PRODUCTION,short,,,545340,no,https://www.youtube.com/watch?v=NE-vLac6ATc,docsociety.org,Bertha Journalism,Health,Sierra Leone,gpke2016,Director:Banker White; Director:Sara Afshar ; Director:Arthur Pratt ; Director: Anna Fitch,,,,,2015-07-03 09:50:19.448042+00:00,2026-01-16 16:53:29.039787+00:00
397,SUWO,suwo,published,PRODUCTION,feature,,,,no,https://www.youtube.com/watch?v=F3EnC3S8JoI,"bfi.docsociety.org, docsociety.org",BFI Doc Society Production Fund,,Japan,,Producer:Rachel Wexler; Producer:Jez Lewis; Director:Matthew Kay,,,,,2022-03-31 13:14:28.947408+00:00,2026-01-16 16:54:37.547160+00:00
11,Swandown,swandown,published,COMPLETED,short,2012,94,119672,no,https://www.youtube.com/watch?v=pBpX9gnWLW4,docsociety.org,Foundation,Art & Culture,United Kingdom,,Director & Writer:Andrew Kotting,,,,,2015-05-19 04:45:30.980958+00:00,2026-01-16 16:56:07.566782+00:00
545,Syria Justice,syria-justice,draft,PRODUCTION,feature,,,,no,,"democracystoryunit.org, docsociety.org",Better Futures,,Syria,,Director:Leslie Thomas; Director:Bassam Khabieh; Producer:Amy Yenkin,,,,,2025-10-22 22:09:47.042194+00:00,2026-03-10 11:57:26.541617+00:00
258,Syria's Disappeared: The Case Against Assad,syrias-disappeared-case-assad,published,COMPLETED,feature,2017,50,674868,no,https://youtu.be/B_bJ7QLyipU,docsociety.org,,Justice,Syria,,Producer:Nicola Cutcher ; Director:Sara Afshar ,http://syriasdisappeared.com/,,,2018:Current Affairs and a Royal Television Society Television Journalism Award for International Current Affairs.:BAFTA Awards,2017-04-25 15:48:27.260976+00:00,2025-11-12 14:57:07.443413+00:00
319,Tailings,tailings,published,PRODUCTION,short,,,1106590,no,https://www.youtube.com/watch?v=d53cvTv1hWc,docsociety.org,Perspective Fund,,Brazil,,Producer:Bronte Stahl; Producer:Leonardo Mecchi; Director:Pedro De Filippis; Producer:Tarsila Nakamura,,,,,2020-02-20 20:37:57.638005+00:00,2026-01-19 10:19:43.774025+00:00
44,Talk to Me,talk-to-me,published,COMPLETED,short,2006,23,790498,no,https://www.youtube.com/watch?v=N7h7M2iTIDM,docsociety.org,Foundation,,United Kingdom,,Director & Producer:Mark Craig,,,,,2015-05-19 04:45:31.573209+00:00,2026-01-19 10:25:52.527995+00:00
101,Taste of Revolution,taste-of-revolution,published,PRODUCTION,,,,,no,,docsociety.org,,,,,:Philippe Gasnier,,,,,2015-05-19 04:45:32.880126+00:00,2023-07-05 09:35:38.472284+00:00
431,Ted & Noel,reclaiming-identity-extraordinary-story-ted-brown,published,COMPLETED,short,2023,,1191353,no,https://www.youtube.com/watch?v=AO8HYpwsVfw,"bfi.docsociety.org, docsociety.org",BFI Doc Society: Made of Truth,,United Kingdom,,Producer:Dan Hodgson; Director:Julia Alcamo; Producer:Mary Pattisson,,,,,2022-11-17 16:10:46.334465+00:00,2026-01-19 10:32:20.183858+00:00
99,Teenage,teenage,published,COMPLETED,short,2014,78,174309,no,https://www.youtube.com/embed/FQ7g-6qbvIU,docsociety.org,,"Art & Culture, Society","Germany, United States",,Director & Writer:Matt Wolf,http://www.teenagefilm.com/,,,,2015-05-19 04:45:32.843578+00:00,2025-11-12 15:25:38.305719+00:00
565,Temperature Rising,temperature-rising,published,COMPLETED,feature,2023,,1488957,no,https://www.youtube.com/watch?v=Bgnt_cHKPpE,"climatestoryunit.org, docsociety.org",Climate Story Fund,,"Namibia, South Africa",,"Director, Producer:Anita Khanna; Director:Rehad Desai; Director:Jacqueline van Meygaarden",,,,,2025-11-11 16:44:10.808685+00:00,2026-01-19 10:37:48.098651+00:00
210,(T)Error,terror,published,COMPLETED,short,2014,93,318972,no,https://www.youtube.com/watch?v=n0MDjudGDIc,docsociety.org,Bertha Journalism,"Justice, Politics",United States,gpchi2015,Directors:Lyric Cabral & David Felix Sutcliffe,,,,,2015-07-03 10:45:42.540632+00:00,2026-01-19 10:39:57.498439+00:00
569,Testimony,testimony,published,PRODUCTION,feature,,,,no,,climatestoryunit.org,,,Australia,,Producer:Alex Kelly; Producer:Barbara Ibuai; Producer:Lisa Sherrard; Producer:Sophie Hyde; Producer:Larissa Behrendt; Writer:Aunty McRose Elu; Director:Maya Newell,,,,,2025-11-13 14:20:20.506671+00:00,2025-11-25 16:03:50.599297+00:00
265,Thank You for the Rain,thank-you-rain,published,COMPLETED,feature,2017,87,456672,no,https://vimeo.com/143747529,docsociety.org,,"Activism, Environment",Kenya,gpeu2017,Director:Julia Dahr,,,"Hot Docs Canadian International Documentary Festival:2017:Best International Documentary:no; Norwegian Short Film Festival:2017:Documentary Film Jury Award - Honorable Mention:no; CPH:DOX:2017:F:ACT Award:no; Thessaloniki Documentary Film Festival:2018:WWF Award:no; Emden International Film Festival:2017:DGB Film Award:no; AgroFilm:2017:Prize of UN - FAO:no; Sheffield International Documentary Festival:2017:Environmental Award:no; Docudays UA International Documentary Human Rights Film Festival:2018:DOCU/WORLD:no; Social Impact Media Awards, US:2018:Jury Award for Ethos:no; Dokufest International Documentary and Short Film Festival:2017:Green Dox:no; CinemAmbiente - Environmental Film Festival:2017:Best International Documentary:no; Dhaka International Film Festival:2018:Women Film Maker's Section Award:no; Bergen International Film Festival:2017:Best Documentary:no; NaturVision Film Festival:2018:Best Film:no; Vancouver International Women in Film Festival:2019:Best Cinematography:no; Royal Anthropological Institute Film Festival:2019:Basil Wright Film Prize:no; Kalasha International Film and TV Awards:2018:Best Documentary:no; FICMEC:2017:Best Feature Documentary:no; Millenium Film Festival:2018:Best Film:no; Ekofilm festival:2018:The Main Prize of the Minister of the Environment:no; Sguardi Altrove Film Festival:2018:Il Premio Cinema Donna:no; Nordic Docs:2018:Special Mention:no; Social Impact Media Awards, US:2018:Best Cinematography Documentary Feature:no",,2017-08-25 14:33:26.055696+00:00,2025-11-27 11:38:53.158671+00:00
481,The Accidental President,the-accidental-president,published,COMPLETED,feature,2024,,1223549,no,https://www.youtube.com/watch?v=AWve9ysoYTs,docsociety.org,"Better Futures, Circle Fund",,Belarus,,,,,,,2024-08-08 15:24:38.279330+00:00,2026-01-19 10:43:33.240146+00:00
285,The Animated Mind of Oliver Sacks,animated-mind-oliver-sacks,published,PRODUCTION,feature,,,1446424,yes,https://www.youtube.com/watch?v=5rJN3vR0_1s,"bfi.docsociety.org, docsociety.org",BFI Doc Society Production Fund,,United States,,Producer:Lori Cheatle ; Director:Dempsey Rice ; Producer:Al Morrow ,,,,,2018-11-26 15:08:33.011277+00:00,2026-01-19 10:51:20.145048+00:00
428,The Archive: Queer Nigerian Project,archive-queer-nigerian-project,published,PRODUCTION,short,2023,,1171306,no,https://www.youtube.com/watch?v=mv-DTRGVFu4,"bfi.docsociety.org, docsociety.org",BFI Doc Society: Made of Truth,"Human Rights, LGBTQIA+, Society",United Kingdom,,Director:Simisolaoluwa Akande; Producer:Maxine gordon; Producer:Joseph Bushell; Producer:Ermias Asfaw,,,Raindance Film Festival:2023:Best Documentary Short:no; Encounters International Film Festival:2023:UK Award:no,2023:Best Short Film:; 2023:UK Award - Special Mention:Encounters International Film Festival,2022-11-17 15:49:16.698606+00:00,2026-04-28 11:15:56.985294+00:00
323,The Bank Job,bank-job,published,PRODUCTION,feature,,,818699,no,https://www.youtube.com/watch?v=xDK9C-duBmc,"bfi.docsociety.org, docsociety.org",BFI Doc Society Production Fund,"Politics, Society",United Kingdom,,Producer:Christo Hird; Director:Dan Edelstyn; Director:Hilary Powell,,,,,2020-04-06 15:43:28.877620+00:00,2026-01-19 11:00:25.210836+00:00
417,The Battle for Laikipia,untitledafricanclimatechangefilm,published,COMPLETED,feature,2024,,1214542,yes,https://www.youtube.com/watch?v=cKrmAEDC5fc,"climatestoryunit.org, docsociety.org, thresholdfund.org","Climate Story Fund, Threshold",,Kenya,,Director:Peter Murimi; Producer:Toni Kamau; Director:Daphne Matziaraki,,,Sundance:2024:World Cinema - Documentary:no; Sydney Film Festival:2024:Sustainable Future Award:no; Bergen International Film Festival:2024:Best Human Rights Documentary:no; Hot Docs Canadian International Documentary Festival:2024:Land Sky Sea Award:no; CPH:DOX:2024:F:ACT Award:no; Zurich Film Festival:2024:Best International Documentary Film:no,2024:Sundance Film Festival - Amazon Studios Nonfiction Producers Award:; 2024:Athens International Film Festival - Best Documentary:; 2024:El Gouna Film Festival - Green Star:,2022-09-08 13:04:07.431921+00:00,2026-01-19 11:02:22.551542+00:00
12,The Bengali Detective,the-bengali-detective,published,COMPLETED,short,2011,100,91927,no,https://www.youtube.com/watch?v=l9VBrVNCUhA,docsociety.org,Foundation,"Art & Culture, Society",India,,Director:Philip Cox,http://www.thebengalidetective.com/,,,2024:Grierson Award - Most Entertaining Documentary:,2015-05-19 04:45:30.995703+00:00,2026-01-19 11:03:57.775862+00:00
73,The Betel Begins the Conversation,the-betel-begins-the-conversation,published,PRODUCTION,short,,,,no,,docsociety.org,,LGBTQIA+,Vietnam,,Directors:Xuan Duong and Bao Nguyen,,,,,2015-05-19 04:45:32.248982+00:00,2025-11-12 16:05:15.387900+00:00
352,The Black Cop,black-cop,published,COMPLETED,short,2022,,889610,no,https://www.youtube.com/watch?v=mGm3MYMyioM,"bfi.docsociety.org, docsociety.org",BFI Doc Society: Made of Truth,"Justice, Society",United Kingdom,,Director:Cherish Oteka; Producer:Emma Cooper,,,City of Angels Film Festival:2022:Best Foreign Film:no,2022:Best British Short Film:BAFTA Awards,2021-04-30 10:43:02.905793+00:00,2026-01-19 11:09:36.436972+00:00
85,The Bolivian Case,the-bolivian-case,published,COMPLETED,short,2015,75,335147,no,https://www.youtube.com/watch?v=Ssxs2rskSq0,docsociety.org,,,"Australia, Bolivia, Colombia, Norway, United States",,Director:Violeta Ayala,,,,,2015-05-19 04:45:32.573845+00:00,2026-01-19 11:11:37.740148+00:00
142,The Borneo Case,the-borneo-case,published,PRODUCTION,short,2018,,414208,no,https://www.youtube.com/watch?v=UdlPWFMP6C4,docsociety.org,"Bertha Journalism, Liminal Fund","Activism, Environment, Human Rights, Politics",Malaysia,"gpeu2015, gpny2015",Directors:DYLAN WILLIAMS / ERIK PAUSER,,,,,2015-05-19 04:45:33.652815+00:00,2026-01-19 11:13:17.851989+00:00
444,The Bradford 12,bradford-12,published,PRODUCTION,feature,2025,,,no,,"bfi.docsociety.org, docsociety.org",BFI Doc Society Production Fund,Society,United Kingdom,,Director:Ken Fero; Director:Tariq Mehmood; Producer:Ken Fero,,,,,2023-02-21 17:27:09.746603+00:00,2025-11-12 16:22:09.989773+00:00
170,The Carbon Crooks,the-carbon-crooks,published,COMPLETED,short,2013,58,,no,https://www.youtube.com/embed/hvmKbYT43nk,docsociety.org,Bertha Journalism,,"Bangladesh, Denmark, Kenya",,Director:Tom Heinemann,http://carboncrooks.tv/,,,,2015-05-19 04:45:34.548609+00:00,2025-11-12 16:30:39.029911+00:00
159,The Chosen Ones,the-chosen-ones,published,COMPLETED,short,2016,,363589,no,https://vimeo.com/53414030?fl=pl&fe=cm,docsociety.org,,"Health, Society",Armenia,,Director:Arman Yeritsyan,,,,,2015-05-19 04:45:34.123869+00:00,2026-01-19 11:22:52.662429+00:00
292,The Circle,circle,published,COMPLETED,short,2019,,652933,no,,"bfi.docsociety.org, docsociety.org",BFI Doc Society: Made of Truth,"Art & Culture, Mental Health, Society",United Kingdom,,Producer:Elizabeth M.E. Benjamin; Director:Lanre Malaolu ,,,Open City Docs Fest:2019:Open City Award:no,,2018-12-14 12:49:47.870114+00:00,2025-11-12 16:34:55.437158+00:00
242,The Closer We Get,closer-we-get,published,COMPLETED,short,2015,,361074,no,https://www.youtube.com/watch?v=l5dkWzhaalg,docsociety.org,,"Health, Society",United Kingdom,,Director:Karen Guthrie,http://www.thecloserweget.com,,,,2016-06-29 11:14:44.690820+00:00,2026-01-19 11:57:32.874770+00:00
92,The Crash Reel,the-crash-reel,published,COMPLETED,short,2013,109,159138,no,https://www.youtube.com/embed/2KkFZ-QC53Q,docsociety.org,,"Health, Mental Health",United States,gpsf2012,Director & Writer:Lucy Walker,http://thecrashreel.com/store/?index.php,,,2024:Gothams Nominee:; 2024:EMMY winner:; 2024:SXSW Audience Award:,2015-05-19 04:45:32.713687+00:00,2026-02-23 16:23:03.666490+00:00
429,The Decision Machines,decision-machines,draft,PRODUCTION,short,2023,,,no,,docsociety.org,BFI Doc Society: Made of Truth,,,,Producer:Rosie Mitchell; Director:Dave Ferner,,,,,2022-11-17 15:53:40.559602+00:00,2025-07-31 16:01:27.327989+00:00
98,The Devil's Lair,the-devils-lair,published,COMPLETED,short,2014,85,187242,no,https://www.youtube.com/watch?v=Nm1PWRhC8Yc,docsociety.org,,Society,South Africa,gpjo2011,Director:Riaan Hendricks,,,,,2015-05-19 04:45:32.827488+00:00,2026-02-24 09:35:07.870542+00:00
72,The Dilla Doc,the-dilla-doc,published,PRODUCTION,short,,,,no,,docsociety.org,,,United States,,Director:Jaimie D'Cruz,,,,,2015-05-19 04:45:32.224362+00:00,2025-11-12 16:40:33.846020+00:00
262,The Edge of Democracy,impeachment,published,COMPLETED,feature,2017,,566221,no,https://www.youtube.com/watch?v=xLe24M_PB5E,"docsociety.org, thresholdfund.org","Bertha Journalism, Better Futures, Threshold",Politics,Brazil,,Director:Petra Costa,,,Sundance:2019:World Cinema - Documentary:no; Sheffield International Documentary Festival:2019:Tim Hetherington Award:no,"2019:Best Political Documentary:Critics' Choice Documentary Awards; 2019:Best Political Documentary:Critics' Choice Documentary Awards; 2019:Best Narration:Critics' Choice Documentary Awards; 2020:Best Documentary:Prêmio Guarani; 2020:Best Documentary Feature:Academy Awards, USA; 2019:Best Documentary:Gotham Awards; 2020:Documentary:Peabody Awards; 2019:DOX:AWARD:CPH:DOX; 2020:Best Documentary (Melhor Documentário):São Paulo Association of Art Critics Awards; 2020:Cinema for Peace Award for the Political Film of the Year:Cinema for Peace Awards; 2020:Best Documentary:The Platino Awards for Iberoamerican Cinema; 2020:Best Documentary Feature:Latino Entertainment Journalists Association Film Awards; 2019:Best Brazilian Feature Film (Melhor Longa Brasileiro):Abraccine Prize (Brazilian Association of Film Critic Annual Prize); 2020:Brazilian Film of the Year:Brazil Online Film Award; 2020:Best Non-Fiction Film:Brazil Online Film Award",2017-06-06 12:33:37.532739+00:00,2026-01-19 12:14:48.114692+00:00
327,The Elvermen,elvermen,published,PRODUCTION,short,,,838538,no,https://vimeo.com/581313978,"bfi.docsociety.org, docsociety.org",BFI Doc Society: Made of Truth,Society,United Kingdom,,Director:Isla Badenoch; Producer:Joe Binks,,,,,2020-04-08 19:18:52.497877+00:00,2026-01-19 12:18:04.954825+00:00
546,The End,the-end,published,COMPLETED,feature,2024,,881366,no,https://www.youtube.com/watch?v=avvm0e4oNCE,docsociety.org,Bertha Journalism,,"Germany, Ireland, Italy",,"Producer:Signe Byrge Sørensen; Producer, Actor:Tilda Swinton; Director, Producer:Joshua Oppenheimer",,GB:Prime Video:https://www.amazon.co.uk/gp/video/detail/0TS4NVNBK1ZSVH16DQXWIGTCDT/ref=atv_dp; DE:Prime Video:https://www.amazon.de/gp/video/detail/0TS4NVNBK1ZSVH16DQXWIGTCDT/ref=atv_dp; CA:Prime Video:https://www.primevideo.com/detail/0TPZV84ZTTNUB2O528LX3LUDNX/ref=atv_dp; CA:Prime Video:https://www.primevideo.com/detail/0TPZV84ZTTNUB2O528LX3LUDNX/ref=atv_dp; DE:Mubi:https://mubi.com/films/the-end; DE:Prime Video:https://www.amazon.de/gp/video/detail/0TS4NVNBK1ZSVH16DQXWIGTCDT/ref=atv_dp; CA:Prime Video:https://www.primevideo.com/detail/0TPZV84ZTTNUB2O528LX3LUDNX/ref=atv_dp; DE:Prime Video:https://www.amazon.de/gp/video/detail/0TS4NVNBK1ZSVH16DQXWIGTCDT/ref=atv_dp; GB:Mubi:https://mubi.com/films/the-end; GB:Prime Video:https://www.amazon.co.uk/gp/video/detail/0TS4NVNBK1ZSVH16DQXWIGTCDT/ref=atv_dp; GB:Prime Video:https://www.amazon.co.uk/gp/video/detail/0TS4NVNBK1ZSVH16DQXWIGTCDT/ref=atv_dp; US:Hulu:https://www.hulu.com/movie/the-end-ab0ba536-a978-4aa0-80ef-3baa2fe424ca; US:Disney+:https://www.disneyplus.com/browse/entity-ab0ba536-a978-4aa0-80ef-3baa2fe424ca,,,2025-10-22 22:19:43.657767+00:00,2026-01-19 12:21:17.550888+00:00
25,The End of the Line,the-end-of-the-line,published,COMPLETED,feature,2009,85,35156,no,https://www.youtube.com/embed/bedirwk95Oc,docsociety.org,Foundation,Environment,"Bahamas, Japan, Senegal, United States",,Director:Rupert Murray,http://endoftheline.com/,DE:Prime Video:https://www.amazon.de/gp/video/detail/B00EXIU0TQ/ref=atv_dp; GB:Prime Video:https://www.amazon.co.uk/gp/video/detail/B0CVBL5WVY/ref=atv_dp; NZ:Tubi:https://tubitv.com/movies/100020174/the-end-of-the-line-the-destruction-of-our-seas; IE:Apple TV:https://tv.apple.com/ie/movie/the-end-of-the-line/umc.cmc.2eyh5miai2dglv1zpabrysbfh?playableId=tvs.sbd.9001%3A1558737469; US:Tubi:https://tubitv.com/movies/100020174/the-end-of-the-line-the-destruction-of-our-seas; MX:Tubi:https://tubitv.com/movies/100020174/the-end-of-the-line-the-destruction-of-our-seas; IE:Apple TV:https://tv.apple.com/ie/movie/the-end-of-the-line/umc.cmc.2eyh5miai2dglv1zpabrysbfh?playableId=tvs.sbd.9001%3A1558737469; AU:Tubi:https://tubitv.com/movies/100020174/the-end-of-the-line-the-destruction-of-our-seas; AU:Prime Video:https://www.primevideo.com/detail/0TPM230W5UEN0BPI2835A0NJZ6/ref=atv_dp; CA:Apple TV:https://tv.apple.com/ca/movie/the-end-of-the-line/umc.cmc.2eyh5miai2dglv1zpabrysbfh?playableId=tvs.sbd.9001%3A365106781; CA:Tubi:https://tubitv.com/movies/100020174/the-end-of-the-line-the-destruction-of-our-seas; CA:Apple TV:https://tv.apple.com/ca/movie/the-end-of-the-line/umc.cmc.2eyh5miai2dglv1zpabrysbfh?playableId=tvs.sbd.9001%3A365106781,,2024:Sundance nomination - Best World Cinema Documentary:; 2024:BIFA nomination - Best Documentary:,2015-05-19 04:45:31.221662+00:00,2025-11-12 16:48:20.912196+00:00
121,The E-Team,the-e-team,published,COMPLETED,short,2014,88,250653,no,https://www.youtube.com/embed/AmPSNhlU8jw,docsociety.org,,"Human Rights, Politics","France, Germany, Libya, Switzerland, Syria, Turkey",,Directors:Katy Chevigny and Ross Kauffman,http://www.eteamfilm.com/,,,,2015-05-19 04:45:33.293710+00:00,2025-11-12 16:52:41.377204+00:00
247,The Evidence of Things Not Seen,evidence-things-not-seen,published,COMPLETED,feature,2017,,,no,,docsociety.org,Pulse Doc Society Genesis,Art & Culture,United States,,Director:Ja'Tovia Gary,,,,,2016-06-29 13:16:28.823285+00:00,2025-11-12 16:52:18.202499+00:00
583,"The First International Symposium on Gender Identity, London, 1969",the-first-international-symposium-on-gender-identity-london-1969,published,PRODUCTION,short,,,,no,,"bfi.docsociety.org, docsociety.org",BFI Doc Society: Made of Truth,LGBTQIA+,United Kingdom,,Director:Erica Monde; Producer:Clara Harris; Producer:Nadja Lapcevic,,,,,2026-01-20 17:11:54.396761+00:00,2026-02-02 18:05:29.230441+00:00
378,The First Plantation,firstplantation,published,PRODUCTION,feature,,,951044,no,,"docsociety.org, thresholdfund.org","Perspective Fund, Threshold",,"Barbados, United Kingdom, United States",,Producer:Darcy McKinnon; Producer:Romola Lucas; Director:Jason Fitzroy Jeffers,,,,,2021-11-09 23:12:05.041150+00:00,2025-11-12 16:54:15.712117+00:00
340,The Flats,flats,published,COMPLETED,feature,2024,,1235489,no,https://www.youtube.com/watch?v=I8wrnOSToIU,"bfi.docsociety.org, docsociety.org",BFI Doc Society Production Fund,Society,United Kingdom,,Producer:John Mcllduff; Director:Alessandra Celesia,,FR:Prime Video:https://www.primevideo.com/detail/0J6SSO3SM88TS68NYMXU1J5D35/ref=atv_dp; FR:Prime Video:https://www.primevideo.com/detail/0J6SSO3SM88TS68NYMXU1J5D35/ref=atv_dp; FR:Prime Video:https://www.primevideo.com/detail/0LZ02I0AKHQO98MZBSNG4RZD3I/ref=atv_dp,,,2021-01-27 16:37:47.306553+00:00,2026-01-19 12:32:20.847924+00:00
246,The Fools Ship,place-omnipresence,published,COMPLETED,feature,2017,,,no,,docsociety.org,Pulse Doc Society Genesis,"Art & Culture, Society",China,,Director:Zhao Liang,http://zhaoliangstudio.com,,,,2016-06-29 13:13:04.011266+00:00,2025-11-12 17:00:40.761507+00:00
570,The God of the In-Between,the-god-of-the-in-between,published,PRODUCTION,feature,,,,no,,climatestoryunit.org,Climate Story Fund,,India,,Producer:Aman Mann; Producer:Shaunak Sen; Director:Archana Phadke,,,,,2025-11-13 14:28:12.655804+00:00,2025-11-25 16:07:03.504786+00:00
306,The Gold Machine,gold-machine,published,PRODUCTION,feature,,,1012073,no,https://trailers.mubicdn.net/346767/optimised/720p-t-the-gold-machine_en_us_1142.658_1280_720_1659634604.mp4,"bfi.docsociety.org, docsociety.org",BFI Doc Society Production Fund,"Environment, Justice, Politics",Peru,,Producer:Janine Marmot; Director:Grant Gee,,,,,2019-10-16 16:46:56.986834+00:00,2026-01-19 12:39:25.331614+00:00
547,The Grab,the-grab,published,COMPLETED,feature,2022,,1013776,no,https://www.youtube.com/watch?v=sc0wqCsTI2M,"docsociety.org, thresholdfund.org",Threshold,,"Russia, United States, Zambia",,"Director, Producer:Gabriela Cowperthwaite; Producer:Amanda Pike; Producer:Nathan Halverson; Producer:Blye Pagon Faust; Producer:Nicole Rocklin",,AU:Prime Video:https://www.primevideo.com/detail/0JMSLI3WWUJMQSDR0VY6SHMR4S/ref=atv_dp; US:Prime Video:https://www.amazon.com/gp/video/detail/B0D2YZ37ZH/ref=atv_dp; US:Prime Video:https://www.amazon.com/gp/video/detail/B0D2YZ37ZH/ref=atv_dp; US:Hulu:https://www.hulu.com/movie/the-grab-14993fba-d47c-4968-b67e-a1623fbbde58; NZ:Prime Video:https://www.primevideo.com/detail/0JMSLI3WWUJMQSDR0VY6SHMR4S/ref=atv_dp,,,2025-10-22 22:40:27.372177+00:00,2026-01-19 12:41:18.233049+00:00
166,The Hand That Feeds,the-hand-that-feeds,published,COMPLETED,feature,2015,88,305140,no,https://www.youtube.com/watch?v=DP3Y9pt-sRo,docsociety.org,Better Futures,,United States,gpny2013,Directors:Rachel Lears  & Robin Blotnick,http://thehandthatfeedsfilm.com/,,,,2015-05-19 04:45:34.374069+00:00,2026-01-19 12:42:55.689703+00:00
244,The Hard Stop,hard-stop,published,COMPLETED,short,2015,,358927,no,https://www.youtube.com/watch?v=RbXb0sQQ2is,docsociety.org,,Society,United Kingdom,,Producer:Dionne Walker; Director:George  Amponsah ,http://www.thehardstopfilm.com,,,,2016-06-29 12:48:29.646561+00:00,2025-11-12 17:13:18.317931+00:00
390,The Hermit of Treig,hermit-treig,published,COMPLETED,feature,2022,,896572,no,https://www.youtube.com/watch?v=_e6-fo9wDpU,"bfi.docsociety.org, docsociety.org",BFI Doc Society Production Fund,,United Kingdom,,Director:Lizzie MacKenzie; Producer:Naomi Spiro; Executive Producer:Robbie Fraser,,,,,2022-03-31 10:29:35.406562+00:00,2026-01-19 12:45:39.581625+00:00
276,The Holly,holly,published,PRODUCTION,short,,,,no,https://www.youtube.com/watch?v=ochdxkasHBk,"docsociety.org, thresholdfund.org","Bertha Journalism, Threshold",Society,United States,,Producer:Sarah Dowland ; Director:Julian Rubinstein,,,,,2018-01-29 10:49:21.170676+00:00,2026-01-19 12:48:25.159395+00:00
161,The Homestretch,the-homestretch,published,COMPLETED,short,2014,89,276883,no,https://www.youtube.com/watch?v=5rN85XwaZwQ,docsociety.org,,Society,United States,gpchi2013,Directors:Anne de Mare and Kirsten Kelly,http://www.homestretchdoc.com/,,,,2015-05-19 04:45:34.233845+00:00,2026-01-19 12:51:50.502226+00:00
193,The Interrupters,the-interrupters,published,COMPLETED,feature,2011,125,72711,no,https://www.youtube.com/embed/SC1EOm4o_0A,docsociety.org,,,United States,socap2010,Director:Steve James,http://interrupters.kartemquin.com/,AU:Apple TV:https://tv.apple.com/au/movie/the-interrupters/umc.cmc.1vgxv0pixp2e6mrbbpihsqep4; AU:Apple TV:https://tv.apple.com/au/movie/the-interrupters/umc.cmc.1vgxv0pixp2e6mrbbpihsqep4; NZ:Apple TV:https://tv.apple.com/nz/movie/the-interrupters/umc.cmc.1vgxv0pixp2e6mrbbpihsqep4; ZA:Apple TV:https://tv.apple.com/za/movie/the-interrupters/umc.cmc.1vgxv0pixp2e6mrbbpihsqep4; NZ:Apple TV:https://tv.apple.com/nz/movie/the-interrupters/umc.cmc.1vgxv0pixp2e6mrbbpihsqep4; US:Apple TV:https://tv.apple.com/us/movie/the-interrupters/umc.cmc.1vgxv0pixp2e6mrbbpihsqep4; US:Apple TV:https://tv.apple.com/us/movie/the-interrupters/umc.cmc.1vgxv0pixp2e6mrbbpihsqep4; ZA:Apple TV:https://tv.apple.com/za/movie/the-interrupters/umc.cmc.1vgxv0pixp2e6mrbbpihsqep4,,,2015-05-19 04:45:35.085120+00:00,2025-11-12 17:19:25.517545+00:00
234,The Invisible City [Kakuma],invisible-city-kakuma,published,COMPLETED,short,2016,,430586,no,https://www.youtube.com/watch?v=JJLcYXc3be4,docsociety.org,Circle Fund,"Human Rights, Politics",Kenya,gpeu2015,Director:Lieven Corthouts; Producer:Emmy Oost,,,,,2016-06-10 10:10:04.924864+00:00,2026-01-19 12:53:49.988030+00:00
194,The Invisible War,the-invisible-war,published,COMPLETED,short,2012,98,84288,no,https://www.youtube.com/embed/3fBaFQk6aE0,docsociety.org,,"Justice, Society",United States,gpsf2011,Director:Kirby Dick,http://invisiblewarmovie.com/,,,,2015-05-19 04:45:35.100113+00:00,2025-11-12 17:21:52.363617+00:00
62,The Joneses,the-joneses,published,COMPLETED,short,2009,13,392180,no,https://www.youtube.com/watch?v=5CXUgz6urdw,docsociety.org,Foundation,,United States,,Director:Moby Longinotto,,CA:Apple TV:https://tv.apple.com/ca/movie/the-joneses/umc.cmc.6e2112gxe062hr5m5zhxzr3h8?playableId=tvs.sbd.9001%3A1428187384; CA:Tubi:https://tubitv.com/movies/475181/the-joneses; GB:Apple TV:https://tv.apple.com/gb/movie/the-joneses/umc.cmc.6e2112gxe062hr5m5zhxzr3h8?playableId=tvs.sbd.9001%3A1428187384; GB:Apple TV:https://tv.apple.com/gb/movie/the-joneses/umc.cmc.6e2112gxe062hr5m5zhxzr3h8?playableId=tvs.sbd.9001%3A1428187384; MX:Tubi:https://tubitv.com/movies/475181/the-joneses; NZ:Tubi:https://tubitv.com/movies/475181/the-joneses; IE:Apple TV:https://tv.apple.com/ie/movie/the-joneses/umc.cmc.6e2112gxe062hr5m5zhxzr3h8?playableId=tvs.sbd.9001%3A1428187384; US:Apple TV:https://tv.apple.com/us/movie/the-joneses/umc.cmc.6e2112gxe062hr5m5zhxzr3h8?playableId=tvs.sbd.9001%3A1428187384; AU:Tubi:https://tubitv.com/movies/475181/the-joneses; US:Prime Video:https://www.amazon.com/gp/video/detail/B09JWR92BW/ref=atv_dp; US:Apple TV:https://tv.apple.com/us/movie/the-joneses/umc.cmc.6e2112gxe062hr5m5zhxzr3h8?playableId=tvs.sbd.9001%3A1428187384; US:Prime Video:https://www.amazon.com/gp/video/detail/B09JWR92BW/ref=atv_dp; US:Tubi:https://tubitv.com/movies/475181/the-joneses; US:Prime Video:https://www.amazon.com/gp/video/detail/B09JWR92BW/ref=atv_dp; AU:Apple TV:https://tv.apple.com/au/movie/the-joneses/umc.cmc.6e2112gxe062hr5m5zhxzr3h8; CA:Apple TV:https://tv.apple.com/ca/movie/the-joneses/umc.cmc.6e2112gxe062hr5m5zhxzr3h8?playableId=tvs.sbd.9001%3A1428187384; IE:Apple TV:https://tv.apple.com/ie/movie/the-joneses/umc.cmc.6e2112gxe062hr5m5zhxzr3h8?playableId=tvs.sbd.9001%3A1428187384,,,2015-05-19 04:45:31.897610+00:00,2026-01-19 12:56:37.357844+00:00
426,The Keeper,keeper,published,PRODUCTION,short,2023,,,no,,"bfi.docsociety.org, docsociety.org",BFI Doc Society: Made of Truth,,United Kingdom,,Producer:Taryn Kalish; Producer:Joshua T Davie; Director:Alexandra Genova,,,,2023:Best Short Film:Screen Nova Scotia Awards,2022-11-17 15:38:16.506077+00:00,2025-11-12 17:36:23.641487+00:00
498,The Labyrinth,the-labyrinth,published,PRODUCTION,short,,,,no,,"bfi.docsociety.org, docsociety.org",BFI Doc Society: Made of Truth,,United Kingdom,,Writer:Sheeba Sehgal; Producer:Lily Usher; Producer:Tolu Stedford; Director:Neeraja Raj,,,,,2024-12-10 11:23:17.353863+00:00,2025-09-15 10:51:08.056160+00:00
449,The Last Men In Aleppo,the-last-men-in-aleppo,published,COMPLETED,other,2017,,433085,no,https://www.youtube.com/watch?v=8dm3wqkjg40,docsociety.org,Flex Fund,,Syria,,,,,"Cleveland International Film Festival:2017:Greg Gund Memorial Standing Up Award:no; Jihlava International Documentary Film Festival:2017:Best Testimony on Politics:no; Munich Film Festival:2018:Special Mention:no; Cork International Film Festival:2017:Feature Film:no; Cork International Film Festival:2017:Cinematic Documentary Award:no; Istanbul Film Festival:2017:Human Rights in Cinema Competition:no; Sundance:2017:World Cinema - Documentary:no; Uruguay International Film Festival:2019:Human Rights Competition - Special Mention:no; Sarasota Film Festival:2017:Best Documentary Feature:no; Sarasota Film Festival:2017:Best in World Cinema:no; Hot Docs Canadian International Documentary Festival:2017:Best Documentary:no; CPH:DOX:2017:DOX:AWARD:no; Full Frame Documentary Film Festival:2017:Best Documentary:no; Full Frame Documentary Film Festival:2017:Reva and David Logan Grand Jury Award:no; Documentary Edge Festival:2017:Best International Feature - Honourable Mention:no; DocsBarcelona, ES:2017:best director:no; St. Louis Film Critics Association, US:2017:Best Documentary Film:no; Bafta TV Craft:2018:Photography: Factual:no; Online Film & Television Association:2018:Best Documentary Picture:no; North Carolina Film Critics Association:2018:Best Documentary Film:no; Millennium Docs Against Gravity:2017:Best Film:no; Millennium Docs Against Gravity:2017:Special Mention:no; Festival des Libertés:2018:Grand Prix:no; Two Riversides Film and Art Festival:2017:Audience Award - Second Place:no","2018:Best Documentary Feature:Academy Awards, USA; 2018:Best Documentary:Bodil Awards; 2017:Feature Documentary Films Competition:Camerimage; 2017:Best Documentary:Dallas-Fort Worth Film Critics Association Awards; 2017:Best Documentary Feature Film:Edinburgh International Film Festival; 2018:Best Documentary:Film Independent Spirit Awards; 2017:Courage Under Fire Award:International Documentary Association; 2018:Best Documentary (Årets dokumentarfilm):Danish Film Awards (Robert); 2017:Best Documentary:San Diego Film Critics Society Awards; 2017:International Television: Best Documentary:Ondas Awards; 2018:Cinema for Peace Award for the Most Valuable Documentary of the Year:Cinema for Peace Awards; 2017:Best Documentary Feature Film:Asia Pacific Screen Awards; 2018:Outstanding Achievement in Production:Cinema Eye Honors Awards, US; 2018:Outstanding Achievement in Production:Cinema Eye Honors Awards, US; 2018:Outstanding Achievement in Nonfiction Feature Filmmaking:Cinema Eye Honors Awards, US; 2017:Most Innovative Documentary:Critics' Choice Documentary Awards; 2018:Best Documentary:THE CRITICS AWARDS FOR ARAB FILMS",2023-10-17 21:29:31.991983+00:00,2026-01-19 13:07:53.946048+00:00
118,The Last Song,the-last-song,published,PRODUCTION,short,,,,no,,docsociety.org,,,"Belize, Guatemala, Honduras, Nicaragua",,Director:Katia Paradis,,,,,2015-05-19 04:45:33.233173+00:00,2025-11-12 17:32:36.070132+00:00
184,The Law in These Parts,the-law-in-these-parts,published,COMPLETED,short,2012,101,84304,no,https://www.youtube.com/watch?v=7McdcB0ugto,docsociety.org,,Justice,Israel,,Director:Ra'anan Alexandrowicz,https://www.thelawfilm.com/eng#!/the-film,,,,2015-05-19 04:45:34.910968+00:00,2026-01-19 13:13:04.668169+00:00
457,The Librarians,the-librarians,published,COMPLETED,feature,2025,,1400379,no,https://www.youtube.com/watch?v=Ykll4MWltsQ,"docsociety.org, thresholdfund.org",Threshold,,United States,,"Producer:Janique Robillard; Producer:Maria Cuomo Cole; Producer:Jana Edelbaum; Director, Producer:Kim A. Snyder",,,,,2023-11-29 18:27:55.668149+00:00,2026-01-19 13:14:37.766567+00:00
154,The Look of Silence,the-look-of-silence,published,COMPLETED,feature,2015,103,267480,no,https://www.youtube.com/embed/aA_ZHAs4M9k,docsociety.org,Bertha Journalism,"Democracy, Justice, Politics",Indonesia,,co-producer: ZDF/Arte:Sabine Bubeck-Paaz; associate producer:Heidi Elise Christensen; associate producer:Joram Ten Brink; co-producer: NRK:Tore Tomter; co-producer:Bjarte Mørner Tveit; co-producer: YLE:Iikka Vehkalahti; co-producer: VPRO:Nathalie Windhorst; Music:Seri Banang; Music:Mana Tahan; Cinematography:Lars Skree; Editor:Nils Pagh Andersen; production manager:Heidi Elise; associate producer:Maria Kristensen; associate producer:Anne Köhncke; co-producer: DR K:Flemming Hedegaard Larsen; executive producer:André Singer; producer:Signe Byrge Sørensen; co-producer:Torstein Grude; production manager:Maria Kristensen; sound:Henrik Garnov; foley artist:Martin Lind; motion graphics artist:Emil Thorbjørnsson; assistant colorist (as Joakim Hauge):Joakim Hauge Vocke; Camera and Electrical Department:Christine Cynn; lyrics:Sakti Alamsyah; co-producer:Kaarle Aho; executive producer:Werner Herzog; Director:Joshua Oppenheimer,http://thelookofsilence.com/,U.S:Hoopla:https://www.hoopladigital.com/title/11496651?utm_source=justwatch; U.S:iTunes:https://tv.apple.com/us/movie/the-look-of-silence/umc.cmc.6bpis7928je7sqhe08m9anx0r; U.S:Amazon:https://www.primevideo.com/-/es/detail/The-Look-of-Silence/0KEKSUDIQH0APJOFYUUJ7YS43G; DE:Prime Video:https://www.amazon.de/gp/video/detail/B01A7PIZ4A/ref=atv_dp; NZ:Apple TV:https://tv.apple.com/nz/movie/the-look-of-silence/umc.cmc.6bpis7928je7sqhe08m9anx0r?playableId=tvs.sbd.9001%3A1077261976; DE:Apple TV:https://tv.apple.com/de/movie/the-look-of-silence/umc.cmc.6bpis7928je7sqhe08m9anx0r?playableId=tvs.sbd.9001%3A1068240859; IE:Apple TV:https://tv.apple.com/ie/movie/the-look-of-silence/umc.cmc.6bpis7928je7sqhe08m9anx0r?playableId=tvs.sbd.9001%3A1022011934; NZ:Prime Video:https://www.primevideo.com/detail/0FNP7ROMVPKD855H2I27XHN8LH/ref=atv_dp; NZ:Apple TV:https://tv.apple.com/nz/movie/the-look-of-silence/umc.cmc.6bpis7928je7sqhe08m9anx0r?playableId=tvs.sbd.9001%3A1077261976; NZ:Prime Video:https://www.primevideo.com/detail/0FNP7ROMVPKD855H2I27XHN8LH/ref=atv_dp; DE:Prime Video:https://www.amazon.de/gp/video/detail/B01A7PIZ4A/ref=atv_dp; GB:Apple TV:https://tv.apple.com/gb/movie/the-look-of-silence/umc.cmc.6bpis7928je7sqhe08m9anx0r?playableId=tvs.sbd.9001%3A1022011934; IE:Apple TV:https://tv.apple.com/ie/movie/the-look-of-silence/umc.cmc.6bpis7928je7sqhe08m9anx0r?playableId=tvs.sbd.9001%3A1022011934; AU:Prime Video:https://www.primevideo.com/detail/0FNP7ROMVPKD855H2I27XHN8LH/ref=atv_dp; AU:Prime Video:https://www.primevideo.com/detail/0FNP7ROMVPKD855H2I27XHN8LH/ref=atv_dp; DE:Apple TV:https://tv.apple.com/de/movie/the-look-of-silence/umc.cmc.6bpis7928je7sqhe08m9anx0r?playableId=tvs.sbd.9001%3A1068240859; DE:Prime Video:https://www.amazon.de/gp/video/detail/B08SY3N4LD/ref=atv_dp; GB:Apple TV:https://tv.apple.com/gb/movie/the-look-of-silence/umc.cmc.6bpis7928je7sqhe08m9anx0r?playableId=tvs.sbd.9001%3A1022011934; US:Apple TV:https://tv.apple.com/us/movie/the-look-of-silence/umc.cmc.6bpis7928je7sqhe08m9anx0r?playableId=tvs.sbd.9001%3A1574211119; AU:Apple TV:https://tv.apple.com/au/movie/the-look-of-silence/umc.cmc.6bpis7928je7sqhe08m9anx0r; CA:Tubi:https://tubitv.com/movies/704498/the-look-of-silence; US:Tubi:https://tubitv.com/movies/704498/the-look-of-silence; US:Apple TV:https://tv.apple.com/us/movie/the-look-of-silence/umc.cmc.6bpis7928je7sqhe08m9anx0r?playableId=tvs.sbd.9001%3A1574211119; AU:Apple TV:https://tv.apple.com/au/movie/the-look-of-silence/umc.cmc.6bpis7928je7sqhe08m9anx0r?playableId=tvs.sbd.9001%3A1077261976; AU:Apple TV:https://tv.apple.com/au/movie/the-look-of-silence/umc.cmc.6bpis7928je7sqhe08m9anx0r?playableId=tvs.sbd.9001%3A1077261976; NZ:Prime Video:https://www.primevideo.com/detail/0FNP7ROMVPKD855H2I27XHN8LH/ref=atv_dp,Berlin Film Festival:2015:Peace Film Award:no,"2014:Grand Jury Prize - Venice Film Festival:; 2015:Peace Film Prize - Berlin Film Festival:; 2015:Danish Film Critics Association Prize for Best Documentary (Bodil Prize):; 2014:Best World Documentary (Cinephile Prize) - Busan International Film Festival:; 2015:Audience Award - Best Film, Festival Favorites - SXSW Film Festival:; 2015:Dragon Award Best Documentary - Gothenburg International Film Festival:; 2015:Audience Award - Best Film - Festival d'Angers:; 2015:Audience Award - Sheffield Doc/Fest:; 2014:Grand Prize (DOX Award) - CPH:DOX:; 2015:Aung San Suu Kyi Award - Burma Human Rights Human Dignity Film Festival:; 2014:Prize of the Danish Arts Council:; 2015:True Life Award - True/False Film Festival:; 2015:Audience Award - Documenta Madrid:; 2015:Audience Award - Docs Barcelona:; 2015:Amnesty International Award - Docs Barcelona:; 2015:Grand Prix - Festival de Cinéma Valenciennes:; 2015:Prix de la Critique - Festival de Cinéma Valenciennes:; 2015:Prix Étudiants - Festival de Cinéma Valenciennes:; 2015:Best Documentary - Sofia International Film Festival:; 2015:Best Film - Prague One World Film Festival:; 2014:European Critics Prize (FEDEORA) - Best European and Mediterranean Film of Venice Film Festival:; 2014:Online Critics Prize (Mouse d’Oro) - Best Film of Venice Film Festival:; 2014:Human Rights Nights Award - Venice Film Festival:; 2015:Danish Academy Award for Best Documentary (Robert Prize):; 2014:Critics Prize (FIPRESCI) - Best Film of Venice Film Festival:; 2015:Audience Award - Movies That Matter Festival:; 2014:Best Documentary - Denver Film Festival:; 2015:Best Documentary - Victoria Film Festival:; 2015:Best Director (Baltic Gaze) - Vilnius International Film Festival:; 2015:Amnesty International Award - Docs Against Gravity - Warsaw:; 2015:Wild Dreamer Award - Subversive Film Festival:; 2015:Best Director (Documentary) - River Run Film Festival:; 2015:Don Quixote Prize - Tromsø International Film Festival:; 2015:Best Film - Cine de Derechos Humanos - Uruguay International Film Festival:; 2015:Best Documentary - Calgary Underground Film Festival:",2015-05-19 04:45:33.988131+00:00,2025-11-26 11:01:06.366514+00:00
2,The Lovers and the Despot,the-lovers-and-the-despot,published,COMPLETED,short,2016,,373354,no,https://www.youtube.com/watch?v=NNRhk2Q5s4Q,docsociety.org,Foundation,,South Korea,,"Director, Writer:Ross Adam, Rob Cannan",,,,2024:Sundance 2016:,2015-05-19 04:45:30.716396+00:00,2026-01-19 13:16:51.766314+00:00
57,The Madman and the Cathedral,the-madman-and-the-cathedral,published,COMPLETED,short,2009,20,,no,https://www.youtube.com/watch?v=nqD6-WZEiJI,docsociety.org,Foundation,,Spain,,Director:James Rogan,,,,,2015-05-19 04:45:31.809485+00:00,2026-01-19 13:18:21.614570+00:00
584,The Marian Stars,the-marian-stars,published,PRODUCTION,short,,,,no,,"bfi.docsociety.org, docsociety.org",BFI Doc Society: Made of Truth,Society,United Kingdom,,Director:Nicki McCubbing; Producer:Caroline Smith,,,,,2026-01-20 17:14:13.400131+00:00,2026-04-20 15:27:29.426353+00:00
290,The Masses,masses,published,COMPLETED,short,2019,,607890,no,https://www.youtube.com/watch?v=_LjfQw3xfUI,"bfi.docsociety.org, docsociety.org",BFI Doc Society: Made of Truth,"Identity, Society",United Kingdom,,Producer:Aleksandra Bilic ; Director:Dorothy Allen-Pickard,,,,,2018-12-14 12:22:22.843468+00:00,2026-01-19 13:21:15.315263+00:00
30,The Maze,the-maze,published,COMPLETED,short,,,,no,,docsociety.org,Foundation,,United Kingdom,,Filmmaker:Donovan Wylie,,,,,2015-05-19 04:45:31.325203+00:00,2025-11-12 17:48:36.180673+00:00
423,The Medallion,medallion,published,PRODUCTION,short,2023,,1208859,no,https://www.youtube.com/watch?v=c7yIZAibKnU,"bfi.docsociety.org, docsociety.org",BFI Doc Society: Made of Truth,Identity,Ethiopia,,Producer:Tolu Stedford; Producer:Lily Usher; Director:Ruth Hunduma; Producer:Charlotte Knowles,,,Melbourne International Film Festival:2024:Best Short Film:no; Clermont-Ferrand International Short Film Festival:2024:International Competition:no; Clermont-Ferrand International Short Film Festival:2024:International Competition:no; AFI Fest:2024:Documentary Short Film:no; One World Media Awards:2024:Short Film:no; DocAviv Film Festival:2024:Shorts Competition:no; Frameline San Francisco International LGBTQ Film Festival:2024:Best Documentary Short:no,2024:Best Short Documentary:International Documentary Association,2022-11-17 14:35:59.883004+00:00,2026-01-19 13:32:24.600493+00:00
65,The Message: The Revolutionary Power of Climate Change,the-message-the-revolutionary-power-of-climate-change,published,PRODUCTION,short,,,355389,no,https://www.youtube.com/watch?v=MOG6umLGFs8,docsociety.org,,Environment,"Canada, China, Greece, India, United States",gpchi2013,Director:Avi Lewis,,,,,2015-05-19 04:45:31.980704+00:00,2026-03-10 14:40:55.297687+00:00
377,The Monster and the Storm,monster-and-storm,published,PRODUCTION,feature,,,,no,,docsociety.org,Perspective Fund,,United States,,Producer:Jamie Gonçalves; Director:Edwin Martinez,,,,,2021-11-09 23:03:25.810140+00:00,2025-11-12 17:50:36.992898+00:00
561,The New Boats,the-new-boats,draft,COMPLETED,short,2024,,1016684,no,https://www.youtube.com/watch?v=097A20Gmbes,climatestoryunit.org,,,"Sierra Leone, South Africa",,Director:Lansana Mansaray (Barmmy Boy),,,,,2025-11-11 16:19:11.758319+00:00,2026-03-10 15:51:54.605249+00:00
322,The Nightcrawlers,nightcrawlers,published,COMPLETED,short,2019,,624842,no,http://www.youtu.be/spcaIArivrs,"bfi.docsociety.org, docsociety.org",BFI Doc Society: Made of Truth,"Politics, Society",Philippines,,Producer:Joanna Natasegara; Producer:Doireann Maddock; Director:Alexander Osei-Bonsu,,,Hamptons International Film Festival:2019:Documentary Short:no; Camden International Film Festival:2019:Best Short Film:no; Hamptons International Film Festival:2019:Courageous Filmmaking:no,"2020:Outstanding Short Documentary:Emmy Awards; 2021:Outstanding Achievement in Cinematography in a Nonfiction Film or Series for Broadcast:Cinema Eye Honors Awards, US; 2020:Short Film:One World Media Awards; 2019:Best Short:International Documentary Association",2020-04-03 17:26:17.620483+00:00,2025-11-12 17:56:21.856611+00:00
572,The North Wind,the-north-wind,published,PRODUCTION,feature,,,,no,,climatestoryunit.org,Climate Story Fund,,Lebanon,,Producer:Cynthia Choucair; Director:Eliane Raheb; Impact producer:Joelle ElKhoury-Serrano,,,,,2025-11-13 14:45:10.526058+00:00,2025-11-25 15:46:54.944506+00:00
145,The Opposition,the-opposition,published,COMPLETED,feature,2016,,395974,no,https://www.youtube.com/watch?v=PMrtep6Uw1o,docsociety.org,Bertha Journalism,"Environment, Justice, Society",Papua New Guinea,gpau2014,producer:Madeleine Hetherton-Miau; Cinematography:Vincent Lamberti; Editor:Bernadette Murray; executive producer:Jess Search; Music:John Gray; supervising sound editor/sound designer:Lachlan Harris; re-recording mixer:Thom Kellar; foley artist:Tapio Liukkonen; assistant editor:Varinya Eammano; assistant editor:Bonnie Fan; assistant composer:Angela Little; insurance broker:H.W. Wood Australia; insurance broker:Georgeia De Araugo; legal review:George Newhouse; producer:Rebecca Barry; executive producer:Beadie Finzi; Director:Hollie Fifer,https://theoppositionfilm.com/,AU:Apple TV:https://tv.apple.com/au/movie/the-opposition/umc.cmc.6o2vnbp7yqpjf2eslljh0708x,,2018:Ozflix Independent Film Awards - Best Feature Documentary:; 2017:FIFO Festival International du Film Documentaire OcÃ©anien - Best Documentary Film:,2015-05-19 04:45:33.722365+00:00,2025-11-26 20:44:26.411690+00:00
567,The Oyster Gardener,the-oyster-gardener,published,COMPLETED,short,2023,,1142838,no,,climatestoryunit.org,Climate Story Fund,,Australia,,Director:Kim Ingles,,,,,2025-11-13 13:47:50.811712+00:00,2025-11-13 13:47:50.811742+00:00
372,The People Vs Climate Change,people-vs-climate-change,published,COMPLETED,feature,2020,72,,no,https://www.youtube.com/watch?v=g4QBk9DOjVQ,"climatestoryunit.org, docsociety.org","Better Futures, Climate Story Fund",Environment,United Kingdom,,Producer:Dov Freedman; Producer:Steve Smith; Director:Harriet Bird; Director:Charlie Russell,,,,,2021-11-08 17:08:02.383288+00:00,2026-01-19 13:43:27.176031+00:00
71,The Possibilities are Endless,the-possibilities-are-endless,published,COMPLETED,short,2014,82,253309,no,https://www.youtube.com/embed/9wbknwieX0Q,docsociety.org,Circle Fund,"Art & Culture, Mental Health",United Kingdom,gpeu2012,"Directors:DARYL: Ed Lovelace  &  James Hall; Director:Edward Lovelace, James Hall",http://www.thepossibilities.co.uk/,,,,2015-05-19 04:45:32.186010+00:00,2025-11-12 18:00:41.941062+00:00
367,The Promise,promise,published,COMPLETED,short,2020,6,823919,no,,"climatestoryunit.org, docsociety.org",Climate Story Fund,Environment,United Kingdom,,Director:Chi Thai,,,,,2021-11-04 17:17:00.105563+00:00,2025-11-12 18:03:37.859803+00:00
464,The Queendom,the-queendom,published,PRODUCTION,feature,,,,no,,"climatestoryunit.org, docsociety.org",Climate Story Fund,,Mexico,,,,,,,2024-01-17 16:13:31.249498+00:00,2025-11-12 18:05:37.427710+00:00
273,The Rashomon Effect,rashomon-effect,published,PRODUCTION,short,,,573710,no,,docsociety.org,Bertha Journalism,Society,United States,,Director:Lyric Cabral ,,,,,2017-12-12 16:25:44.326468+00:00,2025-11-12 18:08:10.557696+00:00
229,The Return,return,published,PRODUCTION,short,,,,no,https://www.youtube.com/watch?v=zcXTs4EYuI0,docsociety.org,,"Justice, Politics, Society",United States,gpny2014,Executive Producer:Anne Devereux-Mills; Producer:Ariella Ben-Dov; Director:Kelly Duane de la Vega and Katie Galloway,http://returnproject.tumblr.com; http://www.thereturnproject.com; https://www.instagram.com/thereturndoc,,,,2015-12-10 12:16:47.845974+00:00,2026-01-19 13:38:58.471732+00:00
84,The Return of Burma VJ,the-return-of-burma-vj,published,PRODUCTION,short,,,,no,,docsociety.org,Bertha Journalism,,"Myanmar, United Kingdom",,Director:Joshua Min Htut,,,,,2015-05-19 04:45:32.554595+00:00,2025-11-12 18:16:35.848060+00:00
255,The Revolution Won't Be Televised,revolution-wont-be-televised,published,COMPLETED,short,2016,110,382907,no,https://www.youtube.com/watch?v=4GT3IvFckWY,docsociety.org,,"Politics, Society",Senegal,,Director:Rama Thiaw,,,,,2017-04-11 11:53:25.482718+00:00,2026-01-19 13:33:24.881807+00:00
509,The River,the-river,published,PRODUCTION,feature,,,1484519,no,,"climatestoryunit.org, docsociety.org",Climate Story Fund,,United States,,Director:Caitlyn Greene; Producer:Sara Archambault; Producer:Caitlyn Greene,,,,,2025-02-24 16:52:27.778310+00:00,2025-11-12 18:20:46.897403+00:00
143,The Road,the-road,published,PRODUCTION,short,2016,,397637,no,,docsociety.org,Bertha Journalism,"Environment, Politics, Society",China,,Director:Zhang Zanbo,,GB:Apple TV:https://tv.apple.com/gb/movie/the-road/umc.cmc.47ai38abdq0ixsm49z41k2iwx?playableId=tvs.sbd.9001%3A1395769218; AU:Apple TV:https://tv.apple.com/au/movie/the-road/umc.cmc.47ai38abdq0ixsm49z41k2iwx?playableId=tvs.sbd.9001%3A1395769218; GB:Apple TV:https://tv.apple.com/gb/movie/the-road/umc.cmc.47ai38abdq0ixsm49z41k2iwx?playableId=tvs.sbd.9001%3A1395769218; US:Apple TV:https://tv.apple.com/us/movie/the-road/umc.cmc.47ai38abdq0ixsm49z41k2iwx?playableId=tvs.sbd.9001%3A1395769218; CA:Apple TV:https://tv.apple.com/ca/movie/the-road/umc.cmc.47ai38abdq0ixsm49z41k2iwx?playableId=tvs.sbd.9001%3A1395769218; CA:Apple TV:https://tv.apple.com/ca/movie/the-road/umc.cmc.47ai38abdq0ixsm49z41k2iwx?playableId=tvs.sbd.9001%3A1395769218; IE:Apple TV:https://tv.apple.com/ie/movie/the-road/umc.cmc.47ai38abdq0ixsm49z41k2iwx?playableId=tvs.sbd.9001%3A1395769218; IE:Apple TV:https://tv.apple.com/ie/movie/the-road/umc.cmc.47ai38abdq0ixsm49z41k2iwx?playableId=tvs.sbd.9001%3A1395769218; US:Apple TV:https://tv.apple.com/us/movie/the-road/umc.cmc.47ai38abdq0ixsm49z41k2iwx?playableId=tvs.sbd.9001%3A1395769218; AU:Apple TV:https://tv.apple.com/au/movie/the-road/umc.cmc.47ai38abdq0ixsm49z41k2iwx?playableId=tvs.sbd.9001%3A1395769218,,,2015-05-19 04:45:33.674577+00:00,2025-11-12 18:23:12.869969+00:00
399,The Shadow Scholars,shadow-scholars,published,COMPLETED,feature,2024,,1351995,no,https://www.youtube.com/watch?v=VeyaCyoDe_8,"bfi.docsociety.org, docsociety.org",BFI Doc Society Production Fund,,"Kenya, United Arab Emirates, United Kingdom",,Producer:Anna Tenser-Smith; Director:Eloise King; Producer:Bona Orakwue; Producer:Tabs Breese,,,BFI London Film Festival:2024::yes; International Documentary Film Festival Amsterdam (IDFA):2024::yes; CPH:DOX:2025::no,,2022-03-31 13:35:17.533114+00:00,2026-01-26 16:56:22.253896+00:00
149,The Shore Break,the-shore-break,published,COMPLETED,short,2014,90,314666,no,https://www.youtube.com/embed/8ZKmWRvWjiI,docsociety.org,,Environment,South Africa,,Director:Ryley Grunenwald,http://theshorebreakmovie.com/,,,,2015-05-19 04:45:33.814802+00:00,2025-11-12 18:25:44.387441+00:00
248,The Silence of Others,silence-others,published,COMPLETED,short,,,500850,no,https://www.youtube.com/watch?v=68c_E5fiaD0,docsociety.org,,"Human Rights, Politics, Society",Spain,,Directors:Almudena Carracedo and Robert Bahar,,CA:Apple TV:https://tv.apple.com/ca/movie/the-silence-of-others/umc.cmc.6dejnid9qattxnp5dte8ukhx7?playableId=tvs.sbd.9001%3A1508384703; FR:Prime Video:https://www.primevideo.com/detail/0GI2C1S6FO0U38557GOSHPJLX7/ref=atv_dp; FR:Apple TV:https://tv.apple.com/fr/movie/le-silence-des-autres/umc.cmc.6dejnid9qattxnp5dte8ukhx7?playableId=tvs.sbd.9001%3A1469269782; FR:Apple TV:https://tv.apple.com/fr/movie/le-silence-des-autres/umc.cmc.6dejnid9qattxnp5dte8ukhx7?playableId=tvs.sbd.9001%3A1469269782; FR:Prime Video:https://www.primevideo.com/detail/0GI2C1S6FO0U38557GOSHPJLX7/ref=atv_dp; CA:Apple TV:https://tv.apple.com/ca/movie/the-silence-of-others/umc.cmc.6dejnid9qattxnp5dte8ukhx7?playableId=tvs.sbd.9001%3A1508384703,,,2016-06-30 11:24:37.445687+00:00,2026-01-19 13:28:41.698740+00:00
28,The Solitary Life of Cranes,the-solitary-life-of-cranes,published,COMPLETED,short,2008,27,520201,no,https://www.youtube.com/watch?v=dN8KvjNiFTU,docsociety.org,Foundation,,United Kingdom,,Director:Eva Weber,,,,,2015-05-19 04:45:31.285343+00:00,2026-01-19 13:27:04.317582+00:00
189,The Square,the-square,published,COMPLETED,feature,2013,104,159037,no,https://www.youtube.com/embed/aXczUzzCfQY,docsociety.org,"Bertha Journalism, Better Futures",,Egypt,gpeu2012,Director:Jehane Noujaim,http://thesquarefilm.com/,GB:Apple TV:https://tv.apple.com/gb/movie/the-square/umc.cmc.4lbmzsiawp166e0gxirnr35hc?playableId=tvs.sbd.9001%3A945843173; CA:Tubi:https://tubitv.com/movies/516397/the-square; GB:Apple TV:https://tv.apple.com/gb/movie/the-square/umc.cmc.4lbmzsiawp166e0gxirnr35hc?playableId=tvs.sbd.9001%3A945843173; IE:Apple TV:https://tv.apple.com/ie/movie/the-square/umc.cmc.4lbmzsiawp166e0gxirnr35hc?playableId=tvs.sbd.9001%3A945843173; IE:Apple TV:https://tv.apple.com/ie/movie/the-square/umc.cmc.4lbmzsiawp166e0gxirnr35hc?playableId=tvs.sbd.9001%3A945843173; MX:Tubi:https://tubitv.com/movies/516397/the-square; GB:Prime Video:https://www.amazon.co.uk/gp/video/detail/0ST7XTI1CQSVV2ZB5IWMSNUQN9/ref=atv_dp; GB:Prime Video:https://www.amazon.co.uk/gp/video/detail/0ST7XTI1CQSVV2ZB5IWMSNUQN9/ref=atv_dp; US:Prime Video:https://www.amazon.com/gp/video/detail/B07BJLFFY4/ref=atv_dp; US:Prime Video:https://www.amazon.com/gp/video/detail/B07BJLFFY4/ref=atv_dp; US:Prime Video:https://www.amazon.com/gp/video/detail/B07BJLFFY4/ref=atv_dp; US:Tubi:https://tubitv.com/movies/516397/the-square,,2024:Emmy - Winner Outstanding Directing for Nonfiction Programming:; 2024:Emmy - Oustanding Cinematography for Nonfiction Programming:; 2024:Emmy - Outstanding Picture Editing for Nonfiction Programming:; 2024:IDA - Best Feature Award:; 2024:Academy Award Nominee - Best Documentary Feature:,2015-05-19 04:45:35.018156+00:00,2025-11-12 18:32:24.996652+00:00
445,The Taste of Mango,taste-mango,published,COMPLETED,feature,2023,,1085718,no,https://www.youtube.com/watch?v=QPhWh885_2o,"bfi.docsociety.org, docsociety.org",BFI Doc Society Production Fund,Justice,"United Kingdom, United States",,Director:Chloe Abrahams; Producer:Elliott Whitton,,,London Film Festival:2023:Documentary Film:no; Indie Memphis Film Festival:2023:Best Departures Feature:no; Dokufest International Documentary and Short Film Festival:2023:International Dox Award:no,2023:Best Debut Director - Feature Documentary:British Independent Film Awards; 2023:Documentary:London Film Festival; 2023:Departures:Best Departures Feature,2023-02-21 17:30:36.970704+00:00,2026-01-19 13:24:10.932605+00:00
474,The Tent Peggers of Bradford,the-tent-peggers-of-bradford,published,PRODUCTION,short,2024,,,no,,,BFI Doc Society: Made of Truth,Society,United Kingdom,,Producer:Fahd Ahmed; Director:Farhaan Mumtaz Husain; Director:Roopa Gogineni,,,,,2024-04-22 11:09:24.709415+00:00,2026-03-11 09:12:45.089560+00:00
421,The Territory,territory,published,COMPLETED,feature,2022,86,913849,yes,https://www.youtube.com/watch?v=wL9wvdbk7A4,"climatestoryunit.org, docsociety.org",Climate Story Fund,,Brazil,,field producer:Leslye Davis; Executive producer:Felipe Estefan; Executive producer:Rafael Georges; Producer:Lizzie Gillett; Executive producer:Dylan Golden; Executive producer:Loren Hammonds; Executive producer:Ari Handel; Executive producer:Romain Bessi; Executive producer:Alexandra Johnes; Executive producer:Justin Lacob; Executive producer:Philippe Levasseur; Producer:Will N. Miller; Executive producer:Bryn Mooser; Field producer:Paula Moura; Executive producer:Brendan Naylor; Associate producer:Jeffrey Penman; Producer:Alex Pritz; Executive producer:Andrew Ruhemann; Impact producer:Amy Shepherd; Associate producer:Sarah Sparkman; Executive producer:Rebecca Teitel; Field producer:Edimar Tozzo; Impact producer:Danielle Turkov; Producer:Gabriel Uchida; Executive producer:Potei Uru-Eu-Wau-Wau; Executive producer:Tejubi Uru-Eu-Wau-Wau; Executive producer:Jack Weisman; Music:Katya Mihailova; Cinematography:Alex Pritz; Cinematography:Tangãi Uru-eu-wau-wau; Co-editor:Alex Pritz; Art Direction:Hodja Berlev; Production Executive:Clare Lucas; re-recording mixer / sound designer:Peter Albrechtsen; Producer:Darren Aronofsky; Executive producer:Carolyn Bernstein; Executive producer:Kathryn Everett; Field producer:Joseph Carter; Producer:Sigrid Dyekjær; Director:Alex Pritz; engineering services:Donnie Little; dialogue editor:Guilherme Tortolo Magrin; foley mixer:Lauri Marjamaa; sound effects editor:Mikkel Nielsen; re-recording mixer / sound effects editor:Tim Nielsen; sound recordist:Gene Osagie; dialogue editor:Sebastian Vaskio; assistant re-recording mixer:Terah 'Bishop' Woodley II; additional camera: cameraman:Jordan Pinheiro da Cruz; additional camera:Leslye Davis; camera trainee:Fábio Nascimento; additional camera:Kuaimbú Uru-Eu-Wau-Wau; compositor and visual effects supervisor:Anina Bintig Tang; creative director: animation and graphics:Uffe Rønne Wagner; assistant editor:Max Blecker; development editing:Nicole Boliaux; color and finishing producer:Sheina Dao; assistant editor:Cecilia Delgado; development editing:Pisie Hochheim; consulting editor:Pedro Kos; additional editing:Will N. Miller; assistant editor:Alex Modlin; assistant editor:Azadeh Nikzadeh; development editing:Lauren Nolan; supervising colorist:Seth Ricart; assistant editor:Loredana Vicario; conform and colorist:Natasha Wong; Impact Consultant:L.J. Amsterdam; archive researcher:Gabriel Bogossian; driver:Onildo Nascimento da Costa; manager: National Geographic:Marja Diaz; production assistant:Vanessa Fernandes; archive researcher:Tamires Lietti; driver:Henrique Lima; legal services:Caio Mariano; archive researcher:Paula Moura; Impact Producer:Marianna Olinger; driver:Edimar Tozzo; sound:Samer Ali; foley artist:Heikki Kossi; foley editor:Pietu Korhonen; Consultant: National Geographic Documentary Films:Tim Horsburgh; Executive producer:Txai Suruí; animation director:William Reynish; production assistant:Maria Alves Tobias; re-recording mixer / sound designer:Rune Klausen,,U.S:Amazon:https://www.amazon.com/gp/video/offers?tag=amazon-us-ft-20; U.S:Disney +:https://www.disneyplus.com/es-mx/movies/the-territory/71Mm1Rq8DU10?irclickid=TGTWJYTv1xyKWGT11SwhWwNbUkCSoKWdu3Upwo0&irgwc=1&cid=DSS-Affiliate-Impact-Content-JustWatch+GmbH-705874&tgclid=05010041-67ce-48e0-8600-212e677322ae&dclid=COKQxJ_J0IoDFRG3pgQdOI0xsA; U.S:iTunes:https://tv.apple.com/us/movie/the-territory/umc.cmc.6d800xph6frn8nuk3szrgetkv,Sundance:2024:Documentary Craft:no,"2022:Primetime Emmy Awards - Documentary:; 2022:Seattle International Film Festival - Best Documentary:; 2022:Primetime Emmy Awards - Documentary:; 2023:Jackson Wild Media Awards - Best Conservation Film:; 2022:True/False Film Fest - True Life Fund Award:; 2023:Cinema Eye Honors Awards, US - Outstanding Achievement in a Debut Feature Film:; 2023:Cinema Eye Honors Awards, US - The Unforgettables:; 2022:DocsBarcelona, ES - International Amnesty Catalunya Award:; 2022:Topanga Film Festival - Best Documentary:; 2022:Banff Mountain Film Competition - Grand Prize:; 2022:FICMEC - Best Feature Documentary:; 2022:Mountain Film Festival - Moving Mountains Award:; 2022:Festival des Libertés - Best Film:; 2022:International Wildlife Film Festival - Best of Festival:; 2022:International Wildlife Film Festival - Best Sustainable Planet:; 2022:Sheffield DocFest - Tim Hetherington Award:; 2022:Brazil Online Film Award - Best Non-Fiction Film:; 2022:Primetime Emmy Awards - Primetime Emmy Awards:; 2022:CPH:DOX - F:ACT Award:; 2022:Telluride Mountainfilm Festival - Moving Mountains Award:; 2022:Jackson Wild Media Awards - Best of Festival:; 2022:Zurich Film Festival - Science Film Award:; 2022:Oslo Films from the South Festival - Best Documentary:; 2023:Cinema for Peace Awards - International Green Film Award:; 2022:The Hague Movies that Matter Festival - Activist Documentary Award:; 2022:CPH:DOX - F:ACT Award - Honorable Mention:; 2022:Sheffield International Documentary Festival - Tim Hetherington Award - Special Mention:; 2022:Jackson Wild Media Awards - Best Conservation Film:; 2022:Bergen International Film Festival - Youth Jury's Documentary Award:",2022-09-08 13:26:14.979537+00:00,2026-01-19 13:21:38.776390+00:00
144,The Trial of Ratko Mladic,the-trial-of-ratko-mladic,published,COMPLETED,feature,2018,,579960,no,https://www.youtube.com/watch?v=u3CJnTyHJoI,docsociety.org,Bertha Journalism,"Justice, Politics","Bosnia and Herzegovina, Netherlands",gpeu2015,Directors:Henry Singer & Rob Miller,,,,,2015-05-19 04:45:33.696835+00:00,2026-01-19 13:20:00.796922+00:00
342,The Undermine,half-neslon,published,PRODUCTION,feature,,,,no,,"bfi.docsociety.org, docsociety.org",BFI Doc Society Production Fund,,,,Director:Alice Nelson ; Producer:Lili Sandelin; Executive Producer:John Archer; Producer:Martina Durac,,,,,2021-01-27 17:41:53.939102+00:00,2025-09-01 14:51:58.451357+00:00
585,The Unusable (working title),the-unusable-working-title,published,PRODUCTION,short,,,,no,,"bfi.docsociety.org, docsociety.org",BFI Doc Society: Made of Truth,Disability,United Kingdom,,Director:Lily Ahree Siegel; Producer:Hannah Tookey,,,,,2026-01-20 17:19:18.379811+00:00,2026-02-02 17:43:11.331585+00:00
406,The Veiled City,veiled-city,published,COMPLETED,short,2023,,1078507,no,https://www.youtube.com/watch?v=n85Vjf8dR5U,"bfi.docsociety.org, docsociety.org",BFI Doc Society: Made of Truth,,United Kingdom,,Producer:Jacob Swan Hyam; Director:Natalie Cubides-Brady,,,,,2022-03-31 14:53:01.458894+00:00,2026-01-19 13:16:41.261471+00:00
495,The Walnut of Knowledge,the-walnut-of-knowledge,published,COMPLETED,short,2025,,1575936,no,https://www.youtube.com/watch?v=RL7pHvIIz_o,"bfi.docsociety.org, docsociety.org",BFI Doc Society: Made of Truth,,United Kingdom,,Director:Niyaz Saghari; Producer:Xenia Glen,,,,,2024-12-09 16:26:32.501087+00:00,2026-01-19 13:15:33.833522+00:00
208,The Wanted 18,wanted-18,published,COMPLETED,short,2015,,289026,no,https://www.youtube.com/watch?v=hmSBrMvI2XM,docsociety.org,,"Activism, Human Rights, Politics",Israel,,"Directors:Amer Shomali, Paul Cowan",http://www.justvision.org/wanted18,,,,2015-07-03 09:43:25.975856+00:00,2026-01-19 13:13:12.437109+00:00
249,The War Show,war-show,published,COMPLETED,short,2016,100,411029,no,https://www.youtube.com/watch?v=xS0yUV4zoCg,docsociety.org,Circle Fund,"Activism, Human Rights, Politics",Syria,,Director:Andreas Dalsgaard; Director:Obaidah Zytoon,,CA:Apple TV:https://tv.apple.com/ca/movie/the-war-show/umc.cmc.4jm80y5s1n8w3s7e1ajv3xi02?playableId=tvs.sbd.9001%3A1253910052; US:Apple TV:https://tv.apple.com/us/movie/the-war-show/umc.cmc.4jm80y5s1n8w3s7e1ajv3xi02; CA:Apple TV:https://tv.apple.com/ca/movie/the-war-show/umc.cmc.4jm80y5s1n8w3s7e1ajv3xi02?playableId=tvs.sbd.9001%3A1253910052; US:Apple TV:https://tv.apple.com/us/movie/the-war-show/umc.cmc.4jm80y5s1n8w3s7e1ajv3xi02,,2024:Toronto Film Festival:; 2024:Venice Film Festival:,2016-08-15 10:15:47.122134+00:00,2026-01-19 13:11:46.852887+00:00
279,The White Helmets,white-helmets,published,COMPLETED,short,2016,41,416211,no,https://www.youtube.com/watch?time_continue=34&v=3wj4ncIEDxw,"docsociety.org, thresholdfund.org",Threshold,,Syria,,Director:Orlando von Einsiedel; Producer:Orlando von Einsiedel; Producer:Joanna Natasegara,https://violet-films.squarespace.com/#/the-white-helmets/,FR:Netflix:https://www.netflix.com/title/80101827/; DE:Netflix:https://www.netflix.com/title/80101827/; BR:Netflix:https://www.netflix.com/title/80101827/; CA:Netflix:https://www.netflix.com/title/80101827/; GB:Netflix:https://www.netflix.com/title/80101827/; IE:Netflix:https://www.netflix.com/title/80101827/; MX:Netflix:https://www.netflix.com/title/80101827/; NZ:Netflix:https://www.netflix.com/title/80101827/; US:Netflix:https://www.netflix.com/title/80101827/; AU:Netflix:https://www.netflix.com/title/80101827/; ZA:Netflix:https://www.netflix.com/title/80101827/,,,2018-08-20 14:26:26.870744+00:00,2025-11-12 18:51:25.884305+00:00
553,The White World According to Daliborek,the-white-world-according-to-daliborek,published,COMPLETED,feature,2017,,465450,no,https://www.youtube.com/watch?v=oFCqH05N3Qo,docsociety.org,Foundation,,"Czech Republic, Poland, Slovakia",,Director:Vít Klusák,,,,,2025-10-23 21:22:44.891468+00:00,2026-01-19 13:10:02.346605+00:00
45,The Word Was God,the-word-was-god,published,COMPLETED,short,2006,15,,no,,docsociety.org,Foundation,,"Syria, United Kingdom",,Director:Mark Boulos,,,,,2015-05-19 04:45:31.591819+00:00,2025-11-12 18:56:23.293373+00:00
160,The Yes Men Are Revolting,the-yes-men-are-revolting,published,COMPLETED,feature,2015,80,284246,no,https://www.youtube.com/embed/8tSEjepPNgc?si=LxGpd7eyuHrDIanJ,docsociety.org,Foundation,"Activism, Environment",United States,gpsf2012,Director:The Yes Men; Director:Laura Nix ,http://theyesmenarerevolting.com/,,,,2015-05-19 04:45:34.194110+00:00,2025-11-26 17:29:56.371466+00:00
26,The Yes Men Fix the World,the-yes-men-fix-the-world,published,COMPLETED,feature,2009,87,18489,no,https://www.youtube.com/watch?v=Zf8q5EO_TzE,docsociety.org,Foundation,"Activism, Environment, Politics",United States,,"Directors:Mike Bonnano, Andy Bichlbaum  &  Kurt Engfehr",http://theyesmenfixtheworld.com/,,,,2015-05-19 04:45:31.240739+00:00,2026-01-19 13:05:28.357044+00:00
510,"This Coal Life, Part II",this-coal-life-part-ii,published,PRODUCTION,podcast,,,,no,,"climatestoryunit.org, docsociety.org",Climate Story Fund,,South Africa,,Reporter:Siya Mokoena; Senior producer:Dhashen Moodley; Managing producer:Jo Jackson; Editor:Lesedi Mogoatlhe; Editor:Rob Rosenthal; Sound engineering:Jo Jackson; Sound engineering:Mike Rahfaldt,,,,,2025-02-24 22:21:55.952086+00:00,2025-11-12 19:01:41.097526+00:00
215,#ThisIsACoup,greece-and-dreams-shall-take-revenge,published,PRODUCTION,short,,,375883,no,https://www.youtube.com/watch?v=SRjwZvLo_hI,docsociety.org,"Bertha Journalism, Liminal Fund",Politics,Greece,,Producer:Paul Mason; Director:Theopi Skarlatos,https://www.youtube.com/watch?v=SRjwZvLo_hI,US:See it on Field of Vision:https://theintercept.com/fieldofvision/episode-one-angela-suck-our-balls/,,,2015-09-25 13:07:00.614702+00:00,2025-11-12 19:03:23.896348+00:00
231,This is Congo,untitled-congo-project,published,PRODUCTION,short,,,473749,no,https://www.youtube.com/watch?v=4WfWODjDYAk,docsociety.org,"Bertha Journalism, Liminal Fund","Human Rights, Justice, Politics",Congo,,Director:Daniel McCabe; Producer:Geoff McLean,http://thisiscongo.com,,,,2016-03-29 13:11:19.931453+00:00,2026-01-19 13:02:17.421195+00:00
270,This is Not a Movie,not-movie,published,PRODUCTION,short,,90,619651,no,https://www.youtube.com/watch?v=FdwJwT30adM,docsociety.org,Circle Fund,"Art & Culture, Human Rights, Society","Afghanistan, Lebanon, Palestine, Syria",,Director:Yung Chang,,US:Prime Video:https://www.amazon.com/gp/video/detail/B0BZMVCRB3/ref=atv_dp; US:Prime Video:https://www.amazon.com/gp/video/detail/B0BZMVCRB3/ref=atv_dp; CA:Apple TV:https://tv.apple.com/ca/movie/this-is-not-a-movie/umc.cmc.v75y3m4orb06ykp732bh5s86?playableId=tvs.sbd.9001%3A1570500089; GB:Prime Video:https://www.amazon.co.uk/gp/video/detail/B08MJ38PQ5/ref=atv_dp; GB:Prime Video:https://www.amazon.co.uk/gp/video/detail/B08MJ38PQ5/ref=atv_dp; CA:Apple TV:https://tv.apple.com/ca/movie/this-is-not-a-movie/umc.cmc.v75y3m4orb06ykp732bh5s86?playableId=tvs.sbd.9001%3A1570500089; GB:Prime Video:https://www.amazon.co.uk/gp/video/detail/B08MJ38PQ5/ref=atv_dp; IE:Prime Video:https://www.primevideo.com/detail/0I5Q8JI0V43ZZEEDA34UALYS4E/ref=atv_dp; US:Prime Video:https://www.amazon.com/gp/video/detail/B0BZMVCRB3/ref=atv_dp,,,2017-12-12 11:06:12.358718+00:00,2026-01-19 13:00:51.629029+00:00
573,This Land of Ours,this-land-of-ours,published,PRODUCTION,feature,,,,no,,climatestoryunit.org,Climate Story Fund,,Antigua and Barbuda,,"Director, Producer:Ngardy ‘Gaddy’ Conteh George; Producer:Alison Duke",,,,,2025-11-13 21:46:57.914730+00:00,2025-11-24 15:13:13.324117+00:00
298,Through The Night,through-night,published,PRODUCTION,short,,,695907,no,https://www.youtube.com/watch?v=r7PZcwKaE-E,docsociety.org,,,United States,,Producer:Jameka Autry; Director:Loira Limbal,,,,,2019-04-16 19:14:15.426311+00:00,2026-01-19 12:58:30.197693+00:00
501,Tied Island,tied-island,published,PRODUCTION,short,,,,no,,"bfi.docsociety.org, docsociety.org",BFI Doc Society: Made of Truth,,United Kingdom,,,,,,,2024-12-12 14:43:21.785469+00:00,2025-11-13 08:40:52.843893+00:00
548,'Til Kingdom Come,til-kingdom-come,published,COMPLETED,feature,2020,,747902,no,https://www.youtube.com/watch?v=6KKKJweWP_8,docsociety.org,Bertha Journalism,,"Israel, United States",,"Director, Producer:Maya Zinshtein; Producer:John Battsek; Producer:Abraham Troen",,AU:Apple TV:https://tv.apple.com/au/movie/til-kingdom-come/umc.cmc.5x7ftgimj1p4fjwud26khvhfs; AU:Apple TV:https://tv.apple.com/au/movie/til-kingdom-come/umc.cmc.5x7ftgimj1p4fjwud26khvhfs; AU:Prime Video:https://www.primevideo.com/detail/0HZVLXMJBF9V87DT4F0J7RSVUE/ref=atv_dp; CA:Apple TV:https://tv.apple.com/ca/movie/til-kingdom-come/umc.cmc.5x7ftgimj1p4fjwud26khvhfs?playableId=tvs.sbd.9001%3A1645384634; AU:Prime Video:https://www.primevideo.com/detail/0HZVLXMJBF9V87DT4F0J7RSVUE/ref=atv_dp; NZ:Prime Video:https://www.primevideo.com/detail/0HZVLXMJBF9V87DT4F0J7RSVUE/ref=atv_dp; NZ:Apple TV:https://tv.apple.com/nz/movie/til-kingdom-come/umc.cmc.5x7ftgimj1p4fjwud26khvhfs; CA:Apple TV:https://tv.apple.com/ca/movie/til-kingdom-come/umc.cmc.5x7ftgimj1p4fjwud26khvhfs?playableId=tvs.sbd.9001%3A1645384634; US:Apple TV:https://tv.apple.com/us/movie/til-kingdom-come/umc.cmc.5x7ftgimj1p4fjwud26khvhfs; NZ:Apple TV:https://tv.apple.com/nz/movie/til-kingdom-come/umc.cmc.5x7ftgimj1p4fjwud26khvhfs; NZ:Prime Video:https://www.primevideo.com/detail/0HZVLXMJBF9V87DT4F0J7RSVUE/ref=atv_dp; US:Apple TV:https://tv.apple.com/us/movie/til-kingdom-come/umc.cmc.5x7ftgimj1p4fjwud26khvhfs; AU:Prime Video:https://www.primevideo.com/detail/0HZVLXMJBF9V87DT4F0J7RSVUE/ref=atv_dp; NZ:Prime Video:https://www.primevideo.com/detail/0HZVLXMJBF9V87DT4F0J7RSVUE/ref=atv_dp,,,2025-10-22 22:57:49.224317+00:00,2026-01-19 12:55:15.752626+00:00
446,Tish,tish-working-title,published,COMPLETED,feature,2023,,1128145,no,https://www.youtube.com/watch?v=a--g_BgBl1g,"bfi.docsociety.org, docsociety.org",BFI Doc Society Production Fund,Society,United Kingdom,,Producer:Jen Corcoran; Director:Paul Sng,,,,2024:Best Edited Single Documentary or Non-Fiction Programme:BFE Cut Above Awards; 2025:Best Edited British Documentary or Non-Fiction Programme:BFE Cut Above Awards,2023-02-21 17:32:09.949008+00:00,2025-12-04 12:55:59.041271+00:00
571,To Hold a Mountain,the-last-nomads-working-title,published,PRODUCTION,feature,,,,no,,climatestoryunit.org,Climate Story Fund,,Montenegro,,"Producer, Impact producer:Petar Glomazić; Impact producer:Bogdanka Ćudić Vilić; Producer:Quentin Laurent; Director, Producer:Biljana Tutorov",,,,,2025-11-13 14:38:16.626398+00:00,2025-12-09 23:46:16.050518+00:00
108,Town of Runners,town-of-runners-1,published,COMPLETED,feature,2012,2012,88646,no,https://www.youtube.com/watch?v=BNuRQnp47cg,docsociety.org,Foundation,"Health, Society",Ethiopia,gpuk2009,Director:Jerry Rothwell,http://www.townofrunners.com/,,,,2015-05-19 04:45:33.034439+00:00,2026-01-19 12:52:38.144877+00:00
50,Tres Pesos,tres-pesos,published,COMPLETED,short,2007,58,,no,https://www.youtube.com/watch?v=jVFQTcjbxns,docsociety.org,Foundation,,Cuba,,Director & Writer:Ruth Cross,,,,,2015-05-19 04:45:31.686828+00:00,2026-01-19 12:51:30.937065+00:00
146,Trophy,trophy,published,COMPLETED,feature,2017,108,433029,no,https://www.youtube.com/watch?v=Dv3bFtYHNqw,docsociety.org,Bertha Journalism,"Environment, Society","Namibia, South Africa, United States",,Director:Shaul Schwarz,,,Jerusalem Film Festival:2017:Best Documentary:no; Sundance:2017:Documentary:no,2019:Outstanding Nature Documentary:News & Documentary Emmy Awards; 2017:F:ACT Award - Honorable Mention:CPH:DOX,2015-05-19 04:45:33.747633+00:00,2026-01-19 12:49:56.947697+00:00
407,Trust Me?!,trust-me,published,PRODUCTION,short,2022,,1390559,no,https://www.youtube.com/watch?v=tnvxMbQj8yk,"bfi.docsociety.org, docsociety.org",BFI Doc Society: Made of Truth,Mental Health,United Kingdom,,Director:Melanie Cura Daball; Producer:Chloe Abrahams; Producer:Souvid Datta,,,,,2022-03-31 14:55:36.795632+00:00,2026-01-19 12:47:16.353525+00:00
586,Turf,turf,published,PRODUCTION,short,,,,no,,"bfi.docsociety.org, docsociety.org",BFI Doc Society: Made of Truth,Environment,Ireland,,Director:Cameron Robbins; Director:Georgia Parkinson; Producer:Jackie Doyle,,,,,2026-01-20 17:22:58.113182+00:00,2026-02-02 18:41:27.003613+00:00
254,Turkana Race for Resources,turkana-race-resources,published,COMPLETED,short,2016,,,no,,docsociety.org,,"Environment, Human Rights",Kenya,gpke2016,Director:Jackie Lebo; Producer:Sylvia Okoth ,,,,,2017-04-10 15:51:59.021608+00:00,2025-12-04 14:26:51.786014+00:00
297,Two Gods,two-gods,published,PRODUCTION,short,,,705020,yes,https://www.youtube.com/watch?v=zcPBMC0BBPI,docsociety.org,,,United States,,"Editor:Colin Nusbaum; Director:Zeshawn Ali; Writer, Producer:Aman Ali",,,,,2019-04-16 16:56:28.532648+00:00,2026-01-19 12:44:11.830487+00:00
494,Tŷ Unnos,ty-unnos,published,PRODUCTION,short,,,,no,,"bfi.docsociety.org, docsociety.org",BFI Doc Society: Made of Truth,,United Kingdom,,Director:Nina Maria; Director:Lily Tiger; Producer:Rhys Jones,,,,,2024-12-09 16:21:49.775173+00:00,2025-12-04 14:39:27.772778+00:00
533,Undercover: Exposing the Far Right,undercover-exposing-the-far-right,published,COMPLETED,feature,2024,,1374128,no,https://www.youtube.com/watch?v=MHaP60r1MwQ,"bfi.docsociety.org, democracystoryunit.org, docsociety.org","BFI Doc Society Production Fund, Better Futures",,United Kingdom,,Director:Havana Marking,,,,,2025-10-16 17:25:07.605154+00:00,2026-01-19 12:40:51.791979+00:00
157,Unearthed,unearthed,published,COMPLETED,short,2012,93,276610,no,https://www.youtube.com/embed/mP0NV-4VBU0,docsociety.org,,"Activism, Environment",South Africa,,Director:Jolynn Minnaar,http://www.un-earthed.com/,,,,2015-05-19 04:45:34.044102+00:00,2025-11-13 09:45:47.168840+00:00
268,United Skates,united-skates-america,published,COMPLETED,feature,2018,90,511014,no,https://www.youtube.com/watch?v=0BADk7n0x6A,"docsociety.org, thresholdfund.org",Threshold,"Activism, Society",United States,,Director:Tina Brown; Co-Producer:Geoffrey Boynton,,,"Chicago International Film Festival:2018:Best Documentary Feature - Audience Choice Award:no; Chicago International Film Festival:2018:Best Documentary - Gold Hugo:no; Denver Film Festival:2018:Best Documentary - Maysles Brothers Award:no; International Documentary Association:2018:Best Feature Documentary - IDA Award:no; Melbourne International Film Festival:2018:Best Documentary - People's Choice Award:no; New Orleans Film Festival:2018:Best Documentary Feature - Documentary Award:no; New Orleans Film Festival:2018:Documentary Feature - Audience Award:no; Urbanworld Film Festival:2018:Feature Length - Documentary Prize:no; Vancouver International Film Festival:2018:Audience Award - Best Documentary Feature:no; Hot Docs Canadian International Documentary Festival:2018:Top Audience Pick:no; Hot Docs Canadian International Documentary Festival:2018:Best First Documentary:no; Tribeca Film Festival:2018:Best Documentary Feature:no; Tribeca Film Festival:2018:Audience Award:no; Twin Cities Film Fest, US:2018:Documentary - Audience Award:no; Twin Cities Film Fest, US:2018:Best Documentary - Festival Award:no; BronzeLens Film Festival, Atlanta, US:2018:Best Documentary -  Festival Award:no; BronzeLens Film Festival, Atlanta, US:2018:Best Documentary - Festival Award:no; AFI Docs Festival:2018:Feature Documentary - Audience Award:no; Baltimore International Black Film Festival:2018:Jury Prize:no; Vancouver International Film Festival:2018:Best Documentary - Best Documentary Feature:no",2020:Outstanding Arts & Culture Documentary:News & Documentary Emmy Awards,2017-10-24 12:13:06.817433+00:00,2026-01-19 12:37:37.445394+00:00
432,Unlocked,unlocked,published,PRODUCTION,short,,,,no,,"docsociety.org, thresholdfund.org",Threshold,,United States,,Director:Luke Terrell; Producer:Annie Marr; Producer:Martin Marquet,,,,,2023-01-18 18:58:34.939535+00:00,2025-11-13 12:58:28.918100+00:00
230,Unlocking the Cage,unlocking-cage,published,PRODUCTION,short,,,373481,no,https://www.youtube.com/watch?v=sRb_Q5VAkjY,docsociety.org,,"Politics, Society",United States,gpny2015,Director:Chris Hegedus and D.A. Pennebaker; Producer:Frazer Pennebaker and Rosadel Varela,http://phfilms.com/unlocking-the-cage/,,,,2015-12-10 12:29:15.006694+00:00,2026-01-19 12:35:24.945945+00:00
379,unseen,unseen,published,PRODUCTION,short,,,1109432,no,,docsociety.org,Perspective Fund,,United States,,Producer:Day Al-Mohamed; Producer:Diane Quon; Director:Set Hernandez Rongkilyo,,MX:Prime Video:https://www.primevideo.com/detail/0PPF4ZVR3Z39KUBZN4W6LGOLS7/ref=atv_dp; MX:Prime Video:https://www.primevideo.com/detail/0PPF4ZVR3Z39KUBZN4W6LGOLS7/ref=atv_dp,,,2021-11-09 23:20:14.703836+00:00,2025-11-13 09:56:28.180054+00:00
345,Unspacely,unspacely,draft,PRODUCTION,short,,,,no,,docsociety.org,BFI Doc Society Production Fund,Disability,United Kingdom,,Director:Andrew Whiston; Producer:Mia Bays,,,,,2021-01-27 18:18:45.309173+00:00,2026-03-11 09:15:54.673979+00:00
361,Until the Tide Creeps In,until-tide-creeps,published,COMPLETED,short,2022,,1066010,no,,"bfi.docsociety.org, docsociety.org",BFI Doc Society: Made of Truth,"Activism, Environment, Health, Human Rights, Justice, Society",United Kingdom,,Director:Jessi Gutch; Producer:Alice Hughes,,,,,2021-04-30 12:22:27.212128+00:00,2025-11-13 10:05:07.263500+00:00
435,Untitled,untitled,published,PRODUCTION,,,,,no,,"docsociety.org, thresholdfund.org",Threshold,,,,Producer:Josh Penn; Producer:Michael Gottwald; Director:Margaret Brown; Producer:Margaret Brown,,,,,2023-01-18 19:19:41.646865+00:00,2023-07-05 21:27:53.808095+00:00
396,Untitled Jeanie Finlay Project,untitled-jeanie-finlay-project,draft,PRODUCTION,feature,,,1115104,no,,docsociety.org,BFI Doc Society Production Fund,,United States,,Producer:Suzanne Alizart; Director:Jeanie Finlay; Producer:Jeanie Finlay,,,,,2022-03-31 13:10:25.021372+00:00,2026-03-11 09:22:02.694568+00:00
589,Untitled Joseph Douglas Elmhirst Project,untitled-joseph-douglas-elmhirst-project,published,PRODUCTION,short,,,,no,,"bfi.docsociety.org, docsociety.org",BFI Doc Society: Made of Truth,,United Kingdom,,Director:Joseph Douglas Elmhirst; Producer:Ruby Elmhirst,,,,,2026-02-02 18:48:13.796251+00:00,2026-02-02 18:48:13.796269+00:00
578,Untitled Project,duppy,draft,PRODUCTION,short,,,,no,,"bfi.docsociety.org, docsociety.org",BFI Doc Society: Made of Truth,"Justice, LGBTQIA+","Jamaica, United Kingdom, United States",,Director:Joseph Elmhirst; Producer:Ruby Elmhirst,,,,,2026-01-20 15:20:09.259127+00:00,2026-02-02 17:48:17.840455+00:00
79,Untitled Renewables Film,untitled-renewables-film,published,PRODUCTION,short,,,,no,,docsociety.org,,,United States,,Director:Josh Fox,,,,,2015-05-19 04:45:32.428234+00:00,2025-11-13 10:20:57.763728+00:00
526,Untitled Spy Cops Documentary,untitled-spy-cops-documentary,published,PRODUCTION,feature,,,,no,,"bfi.docsociety.org, docsociety.org",BFI Doc Society Production Fund,,United Kingdom,,Producer:Juliet Kirby; Producer:Sorcha Bacon; Director:Dorothy Allen-Pickard,,,,,2025-08-07 09:39:54.191822+00:00,2025-11-13 10:23:23.267664+00:00
443,Untitled Teesside Project,untitled-teesside-project,draft,PRODUCTION,feature,2025,,,no,,docsociety.org,BFI Doc Society Production Fund,Environment,United Kingdom,,Director:Jeanie Finlay; Producer:Charlie Phillips,,,,,2023-02-21 17:23:10.854819+00:00,2026-03-11 09:23:24.902472+00:00
566,Untitled Watermelon Pictures Film,untitled-watermelon-pictures-film,draft,PRODUCTION,feature,,,,no,,"democracystoryunit.org, docsociety.org",,,Palestine,,,,,,,2025-11-11 16:58:34.735053+00:00,2026-03-11 11:49:49.392685+00:00
69,Unveiling Shirin,unveiling-shirin,published,PRODUCTION,short,,,,no,,docsociety.org,,,United States,,Director:Nariman Hamed,,,,,2015-05-19 04:45:32.112548+00:00,2025-11-13 10:37:05.845584+00:00
17,Up in Smoke,up-in-smoke-formerly-burning-needs,published,COMPLETED,feature,2011,86,715617,no,https://www.youtube.com/watch?v=4z-WVM5lYyg,docsociety.org,Foundation,Environment,"Denmark, Honduras, United Kingdom",gpuk2009,Director:Adam Wakeling,,,,,2015-05-19 04:45:31.074315+00:00,2026-01-19 12:22:02.953713+00:00
595,Ursula,ursula,published,DEVELOPMENT,vr_ar,,,,no,,"bfi.docsociety.org, docsociety.org",BFI Doc Society: RAD Fund,Health,United Kingdom,,Director:Comfort Arthur; Producer:Emilie Dubois,https://www.thecomfystudios.com/,,,,2026-05-08 18:44:55.682309+00:00,2026-05-08 18:50:26.109799+00:00
373,"Uyra, The Rising Forest",uyra-rising-forest,published,COMPLETED,feature,2022,63,967831,yes,https://www.youtube.com/watch?v=4pPOqQ4IdJk,"climatestoryunit.org, docsociety.org",Climate Story Fund,"Activism, Environment, LGBTQIA+",Brazil,,Producer:Martina Sönksen; Producer:Emerson Pontes/Uyra Sodoma; Director:Juliana Curi; Producer:Lívia Cheibub; Producer:João Henrique Kurtz,,,BendFilm Festival:2022:Best Indigenous Feature:no; Melbourne Queer Film Festival:2022:Best First Feature:no; Frameline San Francisco International LGBTQ Film Festival:2022:Best Documentary:no; Fusion Film Festival:2022:Best Feature Documentary:no; OUTshine Film Festival:2022:Best Documentary Film:no; L.A. Outfest:2025:Freedom:no; NewFest: New York's LGBT Film Festival:2022:Best Documentary Feature:no; Bergen International Film Festival:2022:Documentaire Extraordinaire:no; Cleveland International Film Festival:2023:Greg Gund Memorial Standing Up Award:no,2023:Outstanding Documentary:GLAAD Media Awards; 2023:One World Media Awards:One World Media Awards; 2022:The Mark Haslam Award:Planet in Focus (PIF); 2022:Jury Prize:London Film Week,2021-11-08 17:14:04.419195+00:00,2026-01-19 12:19:03.402486+00:00
163,Virunga,virunga,published,COMPLETED,feature,2014,90,263614,no,https://www.youtube.com/embed/wxXf2Vxj_EU,docsociety.org,Bertha Journalism,"Environment, Society",Congo,"gpeu2013, gpny2014",,https://virunga.official.film/,NZ:Netflix:https://www.netflix.com/title/80009431/; US:Netflix:https://www.netflix.com/title/80009431/; BR:Netflix:https://www.netflix.com/title/80009431/; FR:Netflix:https://www.netflix.com/title/80009431/; GB:Netflix:https://www.netflix.com/title/80009431/; AU:Netflix:https://www.netflix.com/title/80009431/; CA:Netflix:https://www.netflix.com/title/80009431/; DE:Netflix:https://www.netflix.com/title/80009431/; IE:Netflix:https://www.netflix.com/title/80009431/; MX:Netflix:https://www.netflix.com/title/80009431/; ZA:Netflix:https://www.netflix.com/title/80009431/,,2024:Academy Award Nominee - Best Feature Documentary:; 2024:BAFTA Best Documentary Nominee:; 2024:Hot Docs - Best Emerging Director:; 2024:Camden International Film Festival - Best Documentary:; 2024:Peabody Award:,2015-05-19 04:45:34.288829+00:00,2025-11-26 18:48:28.138843+00:00
112,We Are Many,we-are-many,published,COMPLETED,short,2015,100,276536,no,https://www.youtube.com/embed/yOpa8y2TIy8,docsociety.org,,"Activism, Politics","Australia, United Kingdom",gpuk2010,Director:Amir Amirani,http://wearemany.com/,,,,2015-05-19 04:45:33.107168+00:00,2025-11-13 10:46:55.777296+00:00
23,We are Together,we-are-together,published,COMPLETED,feature,2007,83,74129,no,https://www.youtube.com/embed/LpX4JGn4PzU,docsociety.org,Foundation,Art & Culture,"South Africa, United Kingdom",,Director:Paul Taylor; Producer:Teddy Leifer,,AU:Prime Video:https://www.primevideo.com/detail/0N8X51V7W32C6LSGWK3BMOL042/ref=atv_dp; ZA:Prime Video:https://www.primevideo.com/detail/0N8X51V7W32C6LSGWK3BMOL042/ref=atv_dp,,2024:Tribeca Film Festival Audience Award:; 2024:Whistler Film Festival Best Documentary:; 2024:Amsterdam International Documentary Festival Audience Award:; 2024:Amnesty International Film Audience Award:; 2024:International Documentary Association Music Documentary Award:,2015-05-19 04:45:31.185777+00:00,2025-11-13 10:49:59.226421+00:00
362,Weathering,weathering,published,PRODUCTION,short,,,882665,no,https://www.youtube.com/watch?v=4pyCR7pEz5Q,"bfi.docsociety.org, docsociety.org",BFI Doc Society: Made of Truth,"Justice, Society",United Kingdom,,Producer:Emma Norton; Director:Leon Oldstrong,,,,,2021-04-30 12:27:09.996998+00:00,2026-01-19 12:16:09.174446+00:00
336,Welcome to Chechnya,welcome-chechnya,published,COMPLETED,feature,2020,108,653579,no,https://www.youtube.com/watch?v=_2KMm49B6pE,docsociety.org,Bertha Journalism,LGBTQIA+,Russia,,Director:David France,,,Berlin International Film Festival:2020:Amnesty International Film Prize:no; Berlin International Film Festival:2020:Activist Award:no; Miami Film Festival:2020:Best Documentary:no; Sundance:2020:Documentary:no; Sundance:2020:Documentary Film Editing Award:no; São Paulo International Film Festival:2020:Best Foreign Documentary:no; Bergen International Film Festival:2020:Checkpoints Award:no; Hot Docs Canadian International Documentary Festival:2020:Top 20 Audience Favorites:no; Hot Docs Canadian International Documentary Festival:2020:Special Presentations:no; Thessaloniki Documentary Film Festival:2020:International Competition - FIPRESCI Prize:no; Thessaloniki Documentary Film Festival:2020:Mermaid Award:no; Durban International Film Festival:2020:Best Documentary:no; Seville European Film Festival:2020:Best Documentary:no; One World International Human Rights Documentary Film Festival:2020:Right to Know Competition:no; Berlin International Film Festival:2020:Best Documentary Film:no; Berlin International Film Festival:2020:Documentary Film Panorama Audience Award:no; Free Zone Film Festival:2020:International Competition:no; One World International Human Rights Documentary Film Festival:2020:Human Rights Competition:no; Americana Film Fest:2021:Audience Award:no; Americana Film Fest:2021:Best Film:no; Thessaloniki Documentary Film Festival:2020:International Competition Golden Alexander:no,"2020:Best Documentary Film:International Online Cinema Awards (INOCA); 2021:Documentary Feature:Gold Derby Awards; 2020:Amnesty International Award:Millennium Docs Against Gravity; 2020:Bydgoszcz ART.DOC Award - Special Mention:Millennium Docs Against Gravity; 2022:Lieblingsfilme des Publikums:Schwule Filmwoche Freiburg; 2021:Judges Award for Creativity and Innovation:Hollywood Professional Association Awards; 2021:Outstanding Achievement in Editing in a Nonfiction Film or Series for Broadcast:Cinema Eye Honors Awards, US; 2021:The Unforgettables:Cinema Eye Honors Awards, US; 2021:Outstanding Achievement in Production:Cinema Eye Honors Awards, US; 2021:Outstanding Achievement in Broadcast Nonfiction Filmmaking:Cinema Eye Honors Awards, US; 2021:Best Documentary:Indiana Film Journalists Association, US; 2021:Documentary of the Year:GALECA: The Society of LGBTQ Entertainment Critics; 2021:Best Broadcast Network or Cable Docuseries, Documentary Television Movie, or Non-Fiction Series:Hollywood Critics Association Television Awards; 2021:International:BAFTA Awards; 2021:Outstanding Directorial Achievement in Documentary:Directors Guild of America, USA; 2021:Exceptional Merit in Documentary Filmmaking:Emmy Awards; 2021:Outstanding Documentary:GLAAD Media Awards; 2021:Best Feature:International Documentary Association; 2021:Outstanding Supporting Visual Effects in a Photoreal Feature:Visual Effects Society Awards; 2020:Cinema for Peace Dove for The Most Valuable Documentary of the Year:Cinema for Peace Awards; 2021:LGBTQ Documentary of the Year:GALECA: The Society of LGBTQ Entertainment Critics; 2021:Outstanding Achievement in Cinematography in a Nonfiction Film or Series for Broadcast:Cinema Eye Honors Awards, US",2020-11-23 19:33:48.367813+00:00,2026-01-20 17:49:31.120116+00:00
475,We'll Go Down In History,visible-truk-united,published,COMPLETED,short,2025,,1426780,no,https://www.youtube.com/watch?v=UEpv0MTaEMI,"bfi.docsociety.org, docsociety.org",BFI Doc Society: Made of Truth,"LGBTQIA+, Society",United Kingdom,,Director:Charlie Tidmas; Producer:Anna Lammond; Director:Cameron Richards,,,,,2024-04-22 11:12:03.702190+00:00,2026-01-19 12:11:59.652341+00:00
451,What Counts,what-counts,published,COMPLETED,feature,,,,no,https://healthleadsusa.org/what-counts/,docsociety.org,Flex Fund,,,,,,,,,2023-10-17 21:44:55.803547+00:00,2025-11-03 13:01:24.481931+00:00
476,Wheels of Youth,wheels-of-youth,published,PRODUCTION,short,2024,,,no,,"bfi.docsociety.org, docsociety.org",BFI Doc Society: Made of Truth,"Mental Health, Society",United Kingdom,,Producer:Jodie Taylor; Director:Esther Springett; Producer:Chloe White,,,,,2024-04-22 11:14:10.801972+00:00,2025-11-13 11:08:11.233786+00:00
549,When the Guns Go Silent,when-the-guns-go-silent,published,COMPLETED,feature,2017,,445809,no,https://www.youtube.com/watch?v=OzU9EHRkLCg,docsociety.org,Foundation,,Colombia,,"Director, Producer:Natalia Orozco; Producer:Julián Giraldo",,,,,2025-10-22 23:05:30.803357+00:00,2026-01-19 12:08:08.226899+00:00
587,Where Do Our Chosen Families Dine Together?,where-do-our-chosen-families-dine-together,published,PRODUCTION,short,,,,no,,"bfi.docsociety.org, docsociety.org",BFI Doc Society: Made of Truth,LGBTQIA+,United Kingdom,,Director:Noah Greenhalgh; Producer:David Cleary,,,,,2026-01-20 17:25:56.436779+00:00,2026-02-02 17:44:13.034771+00:00
408,Where the Sun Always Shines,where-sun-always-shines,published,COMPLETED,short,2022,,1098576,no,https://www.youtube.com/watch?v=5vrcr4A4nnI,"bfi.docsociety.org, docsociety.org",BFI Doc Society: Made of Truth,,United Kingdom,,Producer:Lucy Draper; Director:Rosie Baldwin,,,SXSW Film Festival:2023:Documentary Short:no; DocAviv Film Festival:2025::no; Milwaukee Film Festival:2023:Impact Storytelling:no,,2022-03-31 15:16:58.983630+00:00,2026-01-19 12:06:11.173050+00:00
459,#WhileBlack,whileblack,published,PRODUCTION,feature,,,,no,,"docsociety.org, thresholdfund.org",Threshold,,United States,,Co-Director:Sidney Fussell; Co-Director:Jennifer Holness; Producer:Ann Shin; Producer:Geeta Gandbhir,,,,,2023-11-29 18:55:05.619523+00:00,2025-11-13 11:17:49.463897+00:00
483,While We Watched,while-we-watched,published,COMPLETED,feature,2022,,1016217,no,https://www.youtube.com/watch?v=yFoG42xk85U,docsociety.org,"Bertha Journalism, Better Futures, Perspective Fund",,United States,,executive producer:Beadie Finzi; executive producer:Maxyne Franklin; producer:Luke W. Moody; producer:Vinay Shukla; executive producer:Vijay Vaidyanathan,,U.S:Fandango:https://www.fandango.com/while-we-watched-231694/movie-overview; U.S:Amazon:https://www.primevideo.com/detail/While-We-Watched/0KXH8I0QFW0EQVQUZIDFO61VNH; U.S:iTunes:https://tv.apple.com/mt/movie/while-we-watched/umc.cmc.4yjxtugxyzfa4c6v771v79nfd,,"2023:Mosaic International South Asian Film Festival - Sabeen Mahmud Award for Courage in Filmmaking:; 2023:DOC NYC - Short List: Features:; 2024:Cinema Eye Honors Awards, US - The Unforgettables:; 2022:Busan International Film Festival - Busan Cinephile Award:; 2024:Peabody Awards - Documentary:; 2023:DocPoint – Helsinki Documentary Film Festival - Best International Documentary:; 2022:Toronto International Film Festival - Amplify Voices Award:",2024-08-08 19:17:02.693613+00:00,2025-11-26 11:03:28.353289+00:00
439,Whisperer,whisperer,published,PRODUCTION,feature,2024,,,no,,"bfi.docsociety.org, docsociety.org",BFI Doc Society Production Fund,"Disability, Identity",,,Producer:Lowri Roberts; Director:Isla Badenoch,,,,,2023-02-21 16:57:51.770034+00:00,2025-11-03 13:01:24.368935+00:00
311,"White Nanny, Black Child",white-nanny-black-child,published,COMPLETED,feature,2024,,1142531,no,https://www.youtube.com/watch?v=rDiilPLxs6k,"bfi.docsociety.org, docsociety.org",BFI Doc Society Production Fund,"Identity, Justice, Society",United Kingdom,,Director:Andy Mundy-Castle; Producer:Natasha Dack-Ojumu,,,,,2019-10-16 17:28:07.176868+00:00,2026-01-19 12:01:44.603054+00:00
138,White Volta,white-volta,published,PRODUCTION,short,,,,no,,docsociety.org,,,Ghana,,Director:Timothy Edzeani Doh,,,,,2015-05-19 04:45:33.588550+00:00,2025-11-13 11:27:00.696253+00:00
87,Who is Dayani Cristal?,who-is-dayani-cristal-1,published,COMPLETED,short,2014,85,159044,no,https://www.youtube.com/embed/qLpjNGm3PNw,docsociety.org,Foundation,"Human Rights, Society","Honduras, Mexico, United States",gpny2011,Director:Marc Silver,http://whoisdayanicristal.com/,GB:Apple TV:https://tv.apple.com/gb/movie/who-is-dayani-cristal/umc.cmc.jrl2wzvwv173k1chd3yhx6mb?playableId=tvs.sbd.9001%3A898840571; IE:Apple TV:https://tv.apple.com/ie/movie/who-is-dayani-cristal/umc.cmc.jrl2wzvwv173k1chd3yhx6mb?playableId=tvs.sbd.9001%3A898840571; GB:Apple TV:https://tv.apple.com/gb/movie/who-is-dayani-cristal/umc.cmc.jrl2wzvwv173k1chd3yhx6mb?playableId=tvs.sbd.9001%3A898840571; IE:Apple TV:https://tv.apple.com/ie/movie/who-is-dayani-cristal/umc.cmc.jrl2wzvwv173k1chd3yhx6mb?playableId=tvs.sbd.9001%3A898840571; US:Apple TV:https://tv.apple.com/us/movie/who-is-dayani-cristal/umc.cmc.jrl2wzvwv173k1chd3yhx6mb?playableId=tvs.sbd.9001%3A891245937; US:Apple TV:https://tv.apple.com/us/movie/who-is-dayani-cristal/umc.cmc.jrl2wzvwv173k1chd3yhx6mb?playableId=tvs.sbd.9001%3A891245937,,2024:Sundance Cinematography Award:; 2024:Abu Dhabi Film Festival - Grand Jury Documentary Prize:; 2024:Cork Film Festival - Audience Award:; 2024:Amnesty International Awards - Best Documentary:,2015-05-19 04:45:32.623614+00:00,2025-11-13 11:29:37.614523+00:00
216,Whose Streets?,whose-streets,published,COMPLETED,feature,2017,,433036,no,https://www.youtube.com/watch?v=upiJnjJSerw,"docsociety.org, thresholdfund.org","Bertha Journalism, Better Futures, Threshold","Activism, Justice",United States,,Director:Sabaah Folayan; Producer:Jennifer MacArthur; Producer:Flannery Miller; Director:Damon Davis,http://www.whosestreets.com,,Minneapolis St. Paul International Film Festival:2017:Best Documentary:no; Crested Butte Film Festival:2017:Best Documentary Feature:no,,2015-09-25 13:40:12.667906+00:00,2026-01-19 11:57:06.451766+00:00
592,With Time,with-time,published,PRODUCTION,feature,,,,no,,"democracystoryunit.org, docsociety.org",Doc Society Fund,,United States,,Director:Brit Fryer; Producer:Jesse Miller; Director:Noah Schamus,,,,,2026-04-21 16:08:20.178991+00:00,2026-04-21 16:16:18.790494+00:00
389,Wolf Suit,wolf-suit,published,COMPLETED,feature,,,872754,no,https://www.youtube.com/watch?v=E_3-l5fPaKw,"bfi.docsociety.org, docsociety.org",BFI Doc Society Production Fund,Mental Health,United Kingdom,,Producer:Aleksandra Bilic ; Producer:Jen Corcoran; Director:Victoria Fiore,,,,,2022-03-31 10:21:50.853140+00:00,2026-01-19 11:55:26.107451+00:00
532,Writing with Fire,writing-with-fire,published,COMPLETED,feature,2021,,776557,no,https://www.youtube.com/watch?v=uv51mXOvjJw,"democracystoryunit.org, docsociety.org",Bertha Journalism,,India,,"Director, Producer:Rintu Thomas; Director, Producer:Sushmit Ghosh",,BR:Prime Video:https://www.primevideo.com/detail/0KICGUT45AGUUKUE2C07C6UF95/ref=atv_dp; BR:Apple TV:https://tv.apple.com/br/movie/escrevendo-com-fogo/umc.cmc.1eip7zb3nptgzrrjni06rkeod?playableId=tvs.sbd.9001%3A1612858435; BR:Apple TV:https://tv.apple.com/br/movie/escrevendo-com-fogo/umc.cmc.1eip7zb3nptgzrrjni06rkeod?playableId=tvs.sbd.9001%3A1612858435; BR:Prime Video:https://www.primevideo.com/detail/0KICGUT45AGUUKUE2C07C6UF95/ref=atv_dp; BR:Prime Video:https://www.primevideo.com/detail/0KICGUT45AGUUKUE2C07C6UF95/ref=atv_dp; DE:Prime Video:https://www.amazon.de/gp/video/detail/B0B8Q2GMTH/ref=atv_dp; AU:Apple TV:https://tv.apple.com/au/movie/writing-with-fire/umc.cmc.1eip7zb3nptgzrrjni06rkeod; NZ:Prime Video:https://www.primevideo.com/detail/0P1D3H1CGUO2EG41EIZMUCDO5D/ref=atv_dp; MX:Apple TV:https://tv.apple.com/mx/movie/escribiendo-con-fuego/umc.cmc.1eip7zb3nptgzrrjni06rkeod?playableId=tvs.sbd.9001%3A1612858435; US:Prime Video:https://www.amazon.com/gp/video/detail/B09PRF5YQH/ref=atv_dp; US:Prime Video:https://www.amazon.com/gp/video/detail/B09PRF5YQH/ref=atv_dp; US:Tubi:https://tubitv.com/movies/100033193/writing-with-fire; US:Apple TV:https://tv.apple.com/us/movie/writing-with-fire/umc.cmc.1eip7zb3nptgzrrjni06rkeod?playableId=tvs.sbd.9001%3A1603872472; CA:Tubi:https://tubitv.com/movies/100033193/writing-with-fire; FR:Apple TV:https://tv.apple.com/fr/movie/la-voix-des-femmes-intouchables/umc.cmc.1eip7zb3nptgzrrjni06rkeod; MX:Prime Video:https://www.primevideo.com/detail/0KICGUT45AGUUKUE2C07C6UF95/ref=atv_dp; MX:Apple TV:https://tv.apple.com/mx/movie/escribiendo-con-fuego/umc.cmc.1eip7zb3nptgzrrjni06rkeod?playableId=tvs.sbd.9001%3A1612858435; MX:Prime Video:https://www.primevideo.com/detail/0KICGUT45AGUUKUE2C07C6UF95/ref=atv_dp; US:Apple TV:https://tv.apple.com/us/movie/writing-with-fire/umc.cmc.1eip7zb3nptgzrrjni06rkeod?playableId=tvs.sbd.9001%3A1603872472,Sundance:2021::yes,,2025-10-16 17:16:40.438813+00:00,2026-01-19 11:53:52.825507+00:00
350,XR: Beyond the Emergency,xr-beyond-emergency,draft,PRODUCTION,short,,,,no,,docsociety.org,BFI Doc Society Production Fund,"Activism, Environment","Netherlands, United Kingdom",,Director:Elena Sanchez; Producer:Kat Mansoor; Director:Maia Kenworthy,,,,,2021-01-27 19:02:21.567502+00:00,2026-03-11 11:50:55.700236+00:00
315,XR - This Is An Emergency,xr-emergency,draft,PRODUCTION,,,,,yes,,docsociety.org,Perspective Fund,,,,Director:Elena Sanchez; Producer:Kat Mansoor; Director:Maia Kenworthy,,,,,2020-02-12 21:14:47.080686+00:00,2023-07-05 09:35:41.275128+00:00
68,Yasuni,yasuni,published,COMPLETED,short,2013,31,245849,no,https://www.youtube.com/watch?v=JH90ZpQgZ5Y,docsociety.org,,Environment,"Ecuador, United States",,Director:Nicolas Entel,,,,,2015-05-19 04:45:32.077975+00:00,2026-01-19 11:51:27.649515+00:00
511,Yintah,yintah,published,COMPLETED,feature,2024,,1242947,no,https://www.youtube.com/watch?v=5xxhxGsEpSo,"democracystoryunit.org, docsociety.org",Climate Story Fund,,Canada,,Director:Brenda Michell; Director:Michael Toledano; Producer:Jennifer Wickham; Producer:Brenda Michell; Producer:Michael Toledano; Producer:Bob Moore; Director:Jennifer Wickham,,CA:Netflix:https://www.netflix.com/title/81925905/; IE:Netflix:https://www.netflix.com/title/81925905/; GB:Netflix:https://www.netflix.com/title/81925905/; US:Netflix:https://www.netflix.com/title/81925905/,,,2025-02-24 23:18:44.864284+00:00,2025-11-13 11:47:33.234920+00:00
158,Young Lakota,young-lakota,published,COMPLETED,short,2012,75,336757,no,https://www.youtube.com/watch?v=Spl6XhYi7Cc,docsociety.org,,,United States,gpny2013,Directors:Marion Lipschutz and Rose Rosenblatt,,,,,2015-05-19 04:45:34.101766+00:00,2026-01-19 11:47:41.112665+00:00
516,Your Fat Friend,your-fat-friend,published,COMPLETED,feature,2023,,1115104,no,https://www.youtube.com/watch?v=EKd3rpwnoTk,,BFI Doc Society Production Fund,,United States,,Director:Jeanie Finlay; Producer:Suzanne Alizart,,AU:Prime Video:https://www.primevideo.com/detail/0MUQMXOHJ76I4RMOAH5Q201BLN/ref=atv_dp; AU:Prime Video:https://www.primevideo.com/detail/0MUQMXOHJ76I4RMOAH5Q201BLN/ref=atv_dp; NZ:Prime Video:https://www.primevideo.com/detail/0MUQMXOHJ76I4RMOAH5Q201BLN/ref=atv_dp; AU:Prime Video:https://www.primevideo.com/detail/0MUQMXOHJ76I4RMOAH5Q201BLN/ref=atv_dp; NZ:Prime Video:https://www.primevideo.com/detail/0MUQMXOHJ76I4RMOAH5Q201BLN/ref=atv_dp; NZ:Prime Video:https://www.primevideo.com/detail/0MUQMXOHJ76I4RMOAH5Q201BLN/ref=atv_dp,,,2025-07-25 15:30:35.419083+00:00,2026-01-19 12:29:40.361149+00:00
465,"Yuma, Sonic River",yuma-sonic-river,published,PRODUCTION,feature,,,,no,,"climatestoryunit.org, docsociety.org",,,Colombia,,,,,,,2024-01-31 17:03:33.687210+00:00,2025-11-13 11:54:17.940707+00:00
324,Zero Zero,zero-zero,published,COMPLETED,short,2019,,,no,,"bfi.docsociety.org, docsociety.org",BFI Doc Society: Made of Truth,"Identity, Society",Zimbabwe,,Producer:Sorcha Baron; Director:Eva-Grace Bor ,,,,,2020-04-08 18:30:25.028944+00:00,2025-11-13 12:10:33.093863+00:00
